"FLG_RELATO_TORTURA","SIG_UF_ORIGEM_AUDIENCIA","ANO","MES","NUM_AUDIENCIAS"
N,AC,2015,11,1
N,PR,2015,9,72
N,AC,2016,4,96
N,RO,2011,12,5
S,,2016,4,13
N,PR,2015,6,16
S,,2015,12,4
N,PR,2016,1,596
N,MA,2015,12,58
S,MA,2015,12,1
N,MA,2016,1,122
N,MA,,,2309
N,MA,2015,7,129
S,,2016,3,13
N,MA,2015,4,47
N,RO,2013,11,11
N,AC,2016,6,144
N,MA,1989,12,1
N,RJ,2016,4,1
S,PI,,,97
N,,2009,12,11
N,RO,2008,2,2
N,,2015,5,53
N,PR,1984,1,3
N,BA,2016,5,243
N,RO,2012,5,2
N,PA,2018,3,637
N,AP,2016,5,109
N,GO,2016,5,34
S,RS,2016,5,12
N,SP,2016,2,9
N,RS,2015,8,5
S,TO,2016,4,7
N,RO,2013,4,7
N,DF,1998,4,1
N,PR,2011,4,4
N,BA,2015,9,178
N,SP,2017,6,2710
N,,2009,9,9
N,RO,2003,4,2
N,MG,2016,5,117
N,PA,2015,9,4
S,MG,2016,5,16
N,PR,2010,10,3
N,,2019,5,4510
N,,2014,12,37
N,SP,1998,1,2
N,MA,2014,11,53
N,DF,2016,8,262
N,,1987,2,2
N,RO,2012,11,5
N,AP,2016,6,94
N,PI,2016,6,85
S,PI,2016,6,21
N,SP,2019,9,4969
S,PB,2016,6,14
N,,2011,5,12
N,PR,2012,8,6
N,PB,2013,9,4
N,PR,1990,7,1
N,,1991,7,3
N,,2012,12,26
N,MA,1993,11,1
N,,1988,8,3
N,PR,2013,8,7
N,PR,1995,9,1
N,PA,2016,7,625
N,TO,2016,7,23
N,BA,2015,6,2
N,,1994,2,4
N,RO,2009,5,2
N,,1984,7,3
S,PE,2016,7,1
N,,2004,9,6
N,SP,1985,1,3
N,RO,2013,10,5
N,,2006,10,9
S,MG,2016,7,2
N,,1989,2,4
N,SP,1989,11,4
N,,2015,3,43
N,AP,2016,8,64
N,RO,2006,9,1
N,RO,2005,3,2
S,AP,2016,8,2
N,,2021,7,4863
N,AP,2018,2,59
N,PB,2014,1,4
N,PB,2019,7,212
N,PA,2008,7,2
N,BA,2016,9,178
N,TO,2016,9,22
N,RO,2013,2,2
S,AC,2016,9,8
N,PR,2013,1,14
S,SE,2016,9,5
N,RO,2006,12,3
N,PA,2017,10,639
N,SP,2018,5,4742
S,PR,2016,10,58
N,RS,2013,10,2
N,PB,2013,2,5
S,,2016,10,105
N,GO,1982,5,1
N,PB,2016,10,213
S,RS,2016,10,20
N,,2008,12,11
S,PR,2019,6,40
N,,2008,5,8
N,,2010,10,17
S,AL,2016,10,1
N,SP,2019,8,4723
S,GO,2016,11,108
N,SP,1995,9,2
S,SE,2016,11,3
N,TO,2016,11,23
N,,2022,12,3399
N,PR,2017,11,1273
N,,1992,5,6
N,SP,1973,3,1
S,AP,2016,11,5
S,PR,2016,12,36
S,PB,2016,12,8
S,PI,2016,12,20
N,PB,2013,5,3
S,,2016,12,118
S,RS,2016,12,8
S,SC,2016,12,26
N,PB,1988,5,1
N,AL,2016,12,20
S,PR,2019,11,50
N,SP,2019,1,4976
N,DF,2015,12,2
N,,2020,1,6170
N,RO,2017,1,312
N,PR,2017,1,890
S,TO,2017,1,8
N,RS,2017,1,161
N,MG,2016,12,26
N,GO,2018,10,541
N,BA,2016,1,2
N,AP,2017,1,41
S,SC,2017,1,16
S,GO,2014,1,1
N,PA,2014,1,1
N,PI,2016,1,2
N,PA,2016,1,5
N,,2011,1,16
N,PR,1997,5,2
N,PR,2013,7,6
N,PB,2014,11,2
N,RO,2005,2,2
N,,1975,6,3
S,SP,2017,2,108
N,GO,2017,2,499
N,,2001,9,6
S,PB,2017,2,8
N,MA,2017,2,170
S,PA,2017,2,64
N,AL,2017,2,75
N,GO,1997,4,1
N,SP,2010,2,2
N,PB,2018,2,250
N,PR,2012,11,5
N,RS,2017,4,194
N,,2018,4,4127
N,,1992,7,4
N,GO,2017,3,548
N,RO,2017,3,339
S,BA,1995,6,1
N,,1953,8,2
N,PR,1990,4,1
S,GO,2017,3,104
N,PR,2002,1,1
N,PR,2013,3,3
N,AL,2017,3,19
N,TO,2017,3,15
N,RS,2011,4,2
S,BA,2017,4,67
N,RO,2017,4,227
S,TO,2017,3,7
N,PE,2017,4,144
N,,1994,1,2
N,RO,2012,10,7
N,SC,1998,8,1
S,RS,2017,4,12
S,MA,2017,4,1
S,AL,2017,4,5
N,SP,2018,7,4537
N,GO,2017,6,522
N,PR,2004,6,2
S,SC,2017,9,13
N,BA,1978,3,1
N,AC,2015,5,2
S,MA,2017,5,4
S,PE,2017,5,2
N,TO,2017,5,25
N,PB,2014,10,2
S,TO,2017,5,5
N,,1960,1,1
N,PA,2015,12,2
N,MA,2019,2,175
N,BA,2010,5,1
N,PR,2009,8,1
S,CE,2017,5,19
S,GO,2017,6,84
S,CE,2017,6,51
S,,2017,6,115
S,MG,2017,6,6
N,,2001,6,7
N,PR,2018,3,1340
N,RS,2014,1,9
N,,1985,9,7
N,RS,2017,7,144
N,SC,1970,11,1
N,PR,2009,6,1
N,,1987,3,5
N,PE,2017,8,180
N,CE,2002,10,1
N,PR,1977,8,1
N,PR,2002,8,3
N,CE,2016,1,6
N,AP,2017,8,103
S,SC,2017,8,23
N,,1986,4,3
N,MT,2017,8,314
N,,2006,1,9
N,GO,1963,9,1
N,PA,2017,9,540
S,,2017,9,122
N,PI,2017,9,59
S,MA,2017,9,22
S,AL,2017,9,5
N,TO,2017,9,24
N,BA,2014,9,1
N,MT,2014,1,5
N,MT,2011,1,2
N,PR,1983,9,1
N,PI,2017,10,95
N,PB,2005,3,1
S,PR,2017,10,39
N,RS,2017,10,185
N,DF,2017,10,108
S,SC,2017,10,9
S,MG,2017,10,8
N,SP,2010,10,5
S,TO,2017,10,1
N,PB,2014,6,1
N,PA,1998,7,1
N,CE,1999,1,3
N,SP,2015,1,4
N,MG,1986,4,1
N,PA,2012,10,1
N,CE,1993,3,2
N,SE,2017,11,342
N,MT,1993,8,1
N,SC,2017,11,257
N,BA,1993,3,1
N,PR,2007,10,1
N,PB,2005,7,2
S,AL,2017,11,9
N,AP,2017,11,48
N,PI,2017,11,130
N,PR,1982,9,1
S,MA,2017,11,21
N,PR,2018,5,1119
N,PR,1952,6,1
N,MA,2019,5,269
N,,1968,1,1
N,PR,2017,12,1233
N,AP,2017,12,27
N,PR,2000,1,3
N,SP,1990,8,1
N,DF,2018,1,243
S,PI,2018,1,24
N,RO,1978,4,1
N,SP,1991,7,1
N,,2014,4,27
S,SP,2018,7,169
N,,1972,9,1
N,,1960,6,2
N,AC,2012,9,3
N,,2000,1,5
N,RS,2018,2,128
N,AC,2018,2,75
N,,1973,7,3
N,MA,1984,2,1
N,GO,1968,3,1
S,CE,2018,3,37
N,RO,2018,3,168
N,BA,1995,2,1
N,AC,2018,3,118
N,PR,2010,12,1
N,CE,2016,3,2
N,PB,2018,4,278
N,PA,2018,4,610
N,RS,2018,4,149
N,CE,2018,4,528
N,SP,2016,4,2
N,PR,1997,6,1
S,MT,2009,1,1
N,SC,1983,7,1
N,SP,1989,12,2
N,,1983,6,4
S,TO,2018,4,1
N,,1994,3,3
S,PA,2018,5,71
N,SE,2018,5,187
N,RS,2018,5,182
N,MA,2018,5,203
N,SC,2018,5,178
N,AP,2018,5,72
S,PR,2018,5,42
S,PE,2018,5,16
N,PR,1990,3,1
N,CE,1994,6,1
N,SP,1988,10,2
N,SP,1994,11,2
N,MA,1975,9,1
S,SP,2018,6,151
N,PB,2018,6,278
N,,1981,2,2
N,SE,2015,5,1
N,SP,1973,8,1
S,AL,2018,6,14
S,MG,2018,6,34
N,SP,1998,10,1
N,,1994,6,7
N,PA,1993,4,1
N,PB,2010,5,1
N,SP,1988,2,2
N,PE,2018,7,344
N,,1970,5,1
N,,2005,8,4
N,BA,2018,7,233
N,CE,1973,7,1
S,PB,2018,7,3
N,CE,2000,11,1
N,SP,1997,1,1
N,PB,2011,2,2
N,PB,1985,10,1
S,MT,2018,7,17
N,PR,1995,4,1
N,CE,2015,2,2
S,MA,2018,7,4
N,GO,2013,5,2
N,,1998,2,1
N,PR,2018,8,1129
N,PB,2018,8,309
N,CE,2019,9,677
N,MG,2019,9,1028
N,PI,2015,10,1
S,MA,2018,8,23
N,,2008,8,5
S,PB,2018,8,7
S,MT,2018,8,13
S,AL,2018,8,1
S,AC,2018,6,2
N,BA,1997,9,1
N,SP,1976,9,1
N,BA,2004,9,1
N,MG,2018,9,391
N,SE,2018,9,169
N,CE,2018,9,571
N,DF,2018,9,45
N,,1959,9,1
N,AP,2018,9,69
N,PI,2015,8,1
S,RS,2018,9,19
S,GO,2018,9,36
S,MT,2014,6,1
S,PI,2018,9,6
N,SP,1981,12,3
N,CE,2001,6,2
N,PB,2019,1,351
N,SP,1997,3,1
S,CE,2018,10,48
N,,1979,5,2
N,BA,2007,12,1
S,RS,2018,10,12
N,MA,2018,11,271
N,RO,2018,11,215
N,AL,2018,11,64
N,SC,1999,10,1
S,PR,2018,11,29
N,PB,2015,2,3
N,DF,1991,3,1
N,PR,1999,8,1
S,PI,2018,11,5
N,SP,1996,4,1
N,DF,1999,4,1
N,TO,2018,12,41
N,SP,1999,3,2
N,RS,2012,6,3
S,MG,2018,12,11
N,MG,1993,12,1
S,RO,2018,12,7
S,SC,2018,12,20
N,CE,1991,12,1
N,RO,1958,7,1
N,SC,1995,3,1
N,PR,1981,5,1
N,,1978,3,1
N,,1991,12,2
N,SE,1999,10,1
N,PA,1994,6,1
N,,1990,11,2
N,SP,1977,5,1
S,RS,2019,1,71
N,SP,1973,1,1
N,RS,1976,12,1
N,RS,2001,8,1
S,GO,2019,1,31
S,MA,2019,1,8
S,PE,2019,1,5
N,MA,2002,4,1
N,RS,2019,6,1155
N,BA,2019,2,404
N,AC,2019,2,111
S,MT,2019,2,15
N,SC,1998,2,1
N,SC,1998,11,1
N,,1985,3,3
S,CE,2019,2,38
S,PI,2019,2,11
N,RS,2012,12,5
N,PA,2005,10,1
S,PA,2019,3,47
N,PE,1998,1,2
N,SC,2019,6,371
N,MT,2014,2,1
N,RS,2013,6,3
N,,1999,9,5
N,MA,2013,3,1
N,PA,2012,12,1
N,MT,2010,7,1
N,PR,2019,7,873
N,CE,2019,4,837
S,PA,2019,4,51
S,PR,2019,4,22
N,MA,2014,5,1
N,CE,1966,11,1
N,PI,2007,6,1
S,RS,2014,8,1
N,PI,2014,12,2
N,RO,2019,5,174
N,AL,2019,5,178
S,,2019,5,188
S,MA,2019,5,4
S,AL,2019,5,15
S,BA,2019,5,46
N,CE,2011,7,1
N,PI,2010,1,1
N,SP,1983,4,1
N,RS,1974,10,1
N,SC,1997,10,1
N,PA,2007,3,2
N,CE,1981,10,1
N,CE,1997,4,1
S,MG,2019,6,83
S,,2019,6,162
N,GO,2015,4,3
N,PR,2009,5,1
N,BA,2019,6,181
S,PB,2019,6,5
N,MG,1998,9,2
N,SC,1992,3,1
N,,1982,2,1
N,RS,1986,1,1
S,PR,2019,7,34
S,MT,2019,7,11
N,AL,1996,2,1
N,,2022,3,11836
N,PI,2007,1,1
S,AC,2019,7,2
N,SE,2019,8,74
S,MG,2019,8,115
S,AM,2019,8,71
N,AP,2019,8,117
S,AM,,,63
N,CE,2013,5,1
N,AL,2008,11,1
N,RS,1996,8,1
N,SC,2014,8,1
N,PI,2000,1,1
S,PI,2019,9,11
S,PE,2019,8,1
N,BA,2019,9,228
N,RJ,2019,8,1
N,,2022,1,8751
N,DF,1971,6,1
N,,1973,2,1
N,CE,1978,6,1
I,,2019,4,18
I,PR,2019,9,5
I,SE,2019,9,8
I,RS,2019,6,1
N,CE,1978,2,1
N,,2020,2,10345
I,TO,2019,9,1
N,RO,2019,10,229
N,GO,2019,10,366
N,AL,2019,10,89
N,CE,2011,10,1
S,AC,2019,8,1
N,PE,2019,10,98
N,MG,1988,12,1
N,,2022,8,15215
S,AP,2019,10,4
N,PI,2012,8,1
N,,1979,3,4
N,GO,2015,7,1
N,CE,2019,11,576
S,CE,1998,7,1
S,MA,2019,11,16
N,SC,2019,12,356
S,GO,2019,12,89
N,AP,2020,1,40
S,MG,2020,1,129
N,BA,2020,1,147
N,AP,2019,12,48
N,AL,2020,1,99
N,,1985,12,1
N,MA,1997,12,1
S,AM,2019,2,1
S,SE,2019,12,4
N,AM,2019,2,1
S,PI,2019,12,12
N,RN,2019,9,1
S,MT,2020,1,31
N,GO,2012,11,2
N,CE,2012,6,1
N,CE,1993,11,1
N,MA,2020,2,76
S,MG,2020,2,81
N,RJ,2020,2,80
S,MT,2003,12,1
S,MA,2020,2,12
S,AM,2020,2,24
N,GO,2014,9,2
N,AP,2020,2,13
N,PA,2011,6,1
N,DF,2020,2,2
N,MG,2012,12,2
N,PB,2004,2,1
S,PB,2020,2,2
N,GO,2015,1,1
S,,1995,7,1
S,,2020,10,197
N,,1983,7,4
S,,2010,5,2
N,CE,2021,3,1
N,,2007,11,5
S,,2021,8,753
S,,1987,12,1
N,,2001,10,3
N,,1978,5,1
N,,2005,3,3
N,MG,2021,10,14
S,,2022,1,924
N,,2022,2,9746
S,,2012,10,1
N,,1991,2,1
N,,1112,12,1
N,,2004,10,3
S,MG,2021,10,3
N,,1990,2,2
N,,1989,1,2
N,SE,2022,2,11
N,,2022,9,4712
S,SP,2022,5,4
N,,1973,5,1
N,CE,2022,9,737
N,RN,2022,10,87
N,RO,2022,10,114
S,,2022,10,206
N,TO,2022,9,68
N,MG,2022,5,41
N,RO,2022,9,126
S,SC,2022,10,40
S,RS,2022,9,132
N,MS,2022,10,264
S,MA,2022,10,64
N,RJ,2022,8,33
N,MS,2012,11,1
N,SE,2022,6,10
N,PR,2022,7,26
N,PR,2022,6,27
N,MG,2005,11,1
N,SP,2021,6,16
S,PE,2022,3,4
N,SC,2014,2,1
N,AL,2003,6,2
S,AL,2022,10,23
N,SE,2012,1,1
N,AL,2022,6,2
N,SC,2011,12,1
S,CE,2022,6,1
N,AC,2020,10,1
N,SE,2010,10,1
N,SP,2021,4,9
N,MG,2021,1,4
N,AC,2020,4,1
N,SP,2020,8,12
N,PA,2021,12,3
S,SP,2021,7,1
N,SE,2022,1,13
N,SC,2015,3,1
N,AC,2012,7,1
N,MA,2022,4,8
N,MS,2014,3,1
N,AP,2014,2,1
N,SE,2020,12,2
N,SE,2016,2,1
N,RS,1988,11,1
N,RS,2020,7,1
N,SP,2006,1,1
N,MG,2010,7,2
N,PI,2021,1,1
N,PI,2021,5,1
N,,1986,8,1
N,PB,2022,7,4
N,GO,2022,3,8
N,MT,2004,3,1
N,AL,2014,9,1
N,PB,2021,8,1
S,RS,2022,12,131
N,AC,2022,12,79
N,RS,2022,11,907
N,GO,2022,11,421
N,AP,2022,11,72
S,CE,2022,12,54
N,AL,2022,11,164
N,RO,2022,12,102
N,RN,2022,12,145
S,PA,2022,12,83
N,SC,2012,10,1
N,MG,1981,4,1
N,PA,2004,6,1
N,GO,2022,4,7
N,MG,2020,4,2
N,SP,1971,12,1
N,AM,2021,10,1
S,ES,2022,11,2
N,DF,2022,3,4
S,MA,2022,12,29
S,TO,2022,12,11
N,MG,2010,5,1
N,SC,2010,1,2
S,PE,2022,8,2
N,SE,2021,2,2
S,ES,2022,12,3
S,PA,2015,2,1
N,RO,2021,9,1
N,PR,2021,6,1
S,MG,2021,11,1
N,SP,2000,7,1
N,,1977,4,1
N,MG,2011,5,1
N,MG,2003,11,1
N,PR,2000,11,1
N,PI,2021,10,1
N,SC,2023,2,798
N,PR,2023,1,502
N,AM,2023,1,128
S,SC,2023,2,76
N,ES,2023,1,82
S,RS,2023,1,189
N,TO,2023,2,84
S,PE,2023,1,33
S,BA,2023,1,28
S,PR,2023,1,61
N,MG,2020,7,3
S,BA,2023,2,75
N,TO,2021,10,2
N,SC,2012,5,1
N,DF,2023,2,15
N,MG,2015,7,3
N,CE,2004,12,1
S,AM,2023,2,14
S,SE,2022,7,1
S,MG,2021,1,1
N,RS,1997,11,1
N,SP,1975,3,1
N,SC,2021,3,2
S,SE,2022,1,1
N,DF,2021,12,1
N,AL,2020,5,1
N,AL,2012,4,1
N,SC,2013,1,1
N,AM,2016,8,1
N,MG,2015,6,1
N,,2023,3,1746
N,CE,2023,3,284
N,MS,2023,3,169
N,PR,2023,3,125
N,SP,1982,4,1
S,AL,2001,3,1
N,RS,1985,6,1
N,ES,1977,11,1
N,AC,2020,11,1
N,SP,1981,3,1
N,SC,2020,7,1
S,ES,2023,3,1
N,SP,1999,9,1
N,,2004,3,1
N,SP,1978,6,1
N,PR,2015,12,297
N,PA,2016,4,144
N,PR,1970,6,1
S,PA,2016,2,1
N,GO,2017,4,456
N,MA,2015,9,71
S,AC,2016,3,8
N,SP,2016,5,555
N,PR,1981,1,1
S,AP,2016,3,10
N,MA,2015,10,63
N,RO,2010,5,4
N,MA,1993,6,1
N,MA,2015,5,65
N,MA,1981,1,1
N,RO,2017,5,209
N,BA,2017,7,230
N,PE,,,12345
N,PB,2016,5,137
N,PR,2016,5,1072
N,PA,2016,5,578
S,PR,2016,5,63
N,PB,2016,4,24
N,DF,1998,5,1
N,PA,2017,8,583
S,SP,,,626
N,,1972,5,2
N,SC,2015,5,3
N,PA,2013,2,2
N,BA,2015,12,1
S,GO,2016,5,3
N,PA,2017,3,621
N,,2017,2,2721
S,SE,2016,5,2
N,AC,2016,7,195
N,MA,2016,6,135
N,PB,2016,6,165
S,PA,2016,6,117
S,RS,2016,6,8
N,PE,2016,6,118
S,RO,2016,6,13
N,GO,2016,6,163
N,RO,2015,2,3
N,SE,2016,7,128
S,MG,2016,6,1
N,DF,1978,8,1
N,RS,2015,10,7
N,,2003,1,9
N,DF,1938,12,1
S,BA,2016,7,37
S,PI,2016,7,20
S,AM,2016,6,11
N,RO,2011,1,2
S,GO,2016,7,64
S,SP,2016,7,8
N,PR,2018,2,1185
N,,2014,5,22
N,PR,2000,7,1
N,GO,2016,8,475
N,AC,2016,8,141
S,GO,2016,8,76
N,SE,2016,8,116
S,PE,2016,8,4
N,PA,1997,6,1
N,GO,1981,10,1
N,PR,2005,11,1
N,MG,2016,8,11
N,,2013,9,30
N,SP,2016,9,992
N,RO,2016,9,323
N,DF,2016,9,273
S,PA,2016,9,77
N,SE,2016,9,126
N,AL,2015,9,1
N,,2012,4,22
N,SC,1993,11,1
N,PB,2015,6,2
N,PR,2016,10,1137
N,PB,2015,7,2
N,,1996,4,7
S,MT,2016,9,2
N,RO,2019,6,145
N,RO,2013,7,4
N,PB,2014,2,1
N,RS,2014,7,6
N,SP,2018,8,4945
N,MG,2016,10,14
N,RO,2016,11,305
N,DF,2016,11,256
S,,2016,11,117
N,PE,2016,11,83
N,SP,1993,4,1
N,MA,2007,7,1
S,MT,2016,10,3
N,PR,2003,3,2
N,PB,2011,10,1
N,,2003,3,6
N,RO,2009,11,4
N,BA,2016,2,2
N,RO,2013,8,2
N,RS,2014,3,4
N,AP,2013,11,1
N,,2019,11,4202
S,MT,,,173
N,SP,2016,12,876
N,PE,2016,12,106
N,RO,2014,9,3
N,PB,2016,12,134
S,SP,2016,12,23
N,SP,1977,12,2
N,PB,2014,7,8
N,PA,2017,2,567
N,SC,2017,2,255
N,,2013,12,17
N,RO,2008,7,1
N,,2014,7,35
N,SP,2019,10,5265
S,RS,2019,10,113
N,PR,2001,5,2
N,,2005,4,4
N,AC,1993,5,1
N,PI,2017,1,127
N,TO,2017,1,23
N,MA,2017,1,107
N,DF,1982,5,1
N,RO,2002,4,1
N,,1989,6,5
S,PE,2017,1,5
N,DF,1984,2,1
N,PR,2005,12,3
N,SE,2017,1,23
N,SP,2007,1,4
N,,2012,6,19
N,PB,2013,12,5
N,,1979,1,1
N,PR,2017,2,977
N,SE,2017,8,176
N,PR,2014,2,2
N,RS,2014,8,5
S,SE,2017,2,3
N,DF,2016,2,4
N,,2019,1,3810
N,PR,2003,9,2
N,PR,2017,8,1194
N,,2009,3,15
N,PB,2017,3,306
S,SP,2017,10,245
N,PR,2017,10,1125
N,SC,2017,3,230
S,PA,2017,3,93
N,SP,1998,4,4
S,PR,2017,3,43
S,SC,2017,3,25
S,PE,2017,3,3
N,PR,2013,2,5
N,RO,2000,2,1
N,DF,2007,4,1
N,SP,1989,6,3
N,MG,2017,3,4
N,SP,1984,12,2
N,,1998,3,2
N,DF,2017,4,116
S,AL,2017,3,2
N,SP,1992,4,3
N,PR,2020,2,372
N,AL,2017,4,31
N,,2017,5,3199
S,SP,2017,9,176
N,MT,2017,1,7
N,,2017,7,3099
S,PR,2017,5,30
N,SC,1988,7,1
N,RO,2002,3,1
N,PA,1991,11,1
S,GO,2017,5,111
N,RO,2008,5,1
N,PR,1994,10,1
N,RO,1998,1,1
N,PR,1999,11,2
N,SP,1998,9,2
S,BA,2017,6,74
S,MT,2017,6,26
N,RO,2013,6,2
N,,2015,4,16
N,PR,2011,10,3
N,,1997,6,4
N,SP,1995,8,3
S,PI,2017,7,17
S,BA,2017,7,45
N,SP,1980,6,1
S,PE,2014,4,1
S,PB,2013,4,1
N,PR,1976,11,1
N,CE,2014,2,3
N,PA,2017,11,671
N,CE,2017,8,510
N,,1995,3,6
N,AL,2017,8,36
S,CE,2017,2,1
N,SP,2007,8,1
N,,1998,5,6
S,MT,2017,8,4
S,,2010,9,1
N,AC,2017,9,109
N,PR,2011,7,2
S,PI,2017,9,8
N,PA,2013,9,1
N,PA,1977,3,1
S,GO,2018,5,58
N,RO,2009,12,2
N,GO,2017,10,566
S,PI,2017,10,12
S,CE,2017,10,21
N,RS,2012,4,3
N,PR,2003,2,1
N,PI,2019,5,446
N,MT,2011,6,1
N,PR,2012,1,2
N,SP,2022,3,25
N,,2006,3,9
N,MG,2017,11,263
N,,1981,10,3
N,,1980,11,3
N,SP,1984,3,2
N,AC,1981,6,1
N,CE,2015,7,1
S,SE,2017,11,7
N,MT,2013,1,2
S,,2017,12,256
N,AC,2017,12,97
N,,1994,9,6
N,MA,2017,12,119
N,,1990,8,5
N,,1987,4,2
S,RO,2017,12,5
N,SP,1986,7,2
N,,1976,11,3
N,PI,2018,1,169
N,,1981,4,2
N,,1976,7,1
N,MG,2018,1,214
S,PR,2018,1,54
S,GO,2018,1,46
N,SP,1978,1,1
N,SP,1989,4,4
N,SP,1986,5,1
N,PB,2012,3,2
N,,2004,7,3
N,,1941,5,1
N,,1980,1,2
N,PE,2018,2,129
S,PR,2018,2,34
N,,2009,8,9
N,PI,1990,7,1
N,SE,2018,6,231
N,SP,1986,6,1
N,,2008,1,7
N,PR,1993,5,1
N,MG,2018,3,288
N,MT,2018,3,187
N,RS,2018,3,164
S,MG,2018,3,17
N,,1991,4,2
S,PI,2018,3,17
N,MT,2014,8,2
N,SP,1994,1,3
S,PB,2018,3,6
N,,2019,6,4124
N,SP,2009,1,3
N,PR,1981,3,1
N,PA,2014,3,3
N,PR,2018,4,1350
N,MA,2018,4,130
N,MT,2014,12,1
N,SP,1992,8,1
S,PB,2018,4,6
N,GO,1993,7,1
N,MT,2011,5,2
N,MA,2014,4,1
N,PR,2019,1,1044
N,MT,2015,9,1
N,PR,2001,4,1
N,PI,2018,10,183
N,,1978,11,3
N,SP,2013,4,3
S,,2018,5,166
S,MA,2018,5,15
S,MG,2018,5,11
N,PB,2006,11,2
N,SP,1972,7,3
N,RO,1997,1,1
N,SC,1994,7,1
N,SP,1990,3,3
N,,2003,6,4
S,PB,2018,6,9
N,SP,1981,4,1
N,PA,2018,7,731
N,SP,1993,2,2
N,RS,2018,7,149
N,PB,2018,7,282
N,MT,2018,7,156
S,MG,2018,7,5
N,,1977,9,1
N,,2003,4,3
N,CE,2001,8,1
N,CE,2013,7,2
N,PR,2008,8,1
N,PR,1990,11,1
N,PE,1988,3,1
N,SP,2022,12,3658
N,,1966,9,2
N,CE,2018,8,615
N,PB,1996,12,1
N,MT,2018,8,186
N,SE,2018,8,139
N,SP,1985,11,1
N,PR,2019,9,890
N,SC,2015,8,4
N,PB,2004,10,1
N,PB,2018,9,335
N,SC,2018,9,260
S,PA,2018,9,48
N,SP,1982,12,2
N,GO,2018,11,534
N,SP,1986,3,3
N,MT,1981,8,1
N,GO,2011,3,2
S,AL,2018,9,3
S,PE,2018,9,1
N,AC,2019,1,105
N,SP,1999,12,3
N,MT,2018,10,364
S,SP,2018,10,117
N,DF,2018,10,42
S,GO,2018,10,48
N,PE,2018,10,211
N,RJ,2018,10,2
N,,1971,7,1
N,RS,2011,6,3
N,GO,2015,3,1
N,,1982,12,2
N,CE,2014,8,2
N,PA,2010,10,1
N,BA,2014,12,1
N,AP,2018,11,68
N,MA,2014,7,1
N,GO,2013,11,3
N,RS,2014,4,3
N,MT,2014,11,1
N,PE,2015,11,1
N,AP,1994,2,1
N,RO,1979,9,1
N,PR,2005,10,1
N,RS,2019,10,1083
N,SE,2018,12,179
N,BA,2018,12,243
N,GO,2018,12,373
S,BA,2018,12,33
S,PR,2018,12,26
N,PR,1988,6,1
N,RS,2004,7,2
N,,1987,8,2
N,GO,2014,5,2
N,PA,1996,8,1
N,AP,2019,1,109
N,PI,2019,1,219
S,BA,2019,1,55
S,AC,2019,1,13
S,MT,2019,1,18
N,DF,2013,5,1
N,MG,1994,4,1
S,MG,2019,2,25
N,TO,2019,2,28
N,MT,2019,2,445
S,PA,2019,2,60
N,DF,2019,2,25
N,SP,1975,12,1
N,RS,2000,4,1
N,PR,1996,10,1
N,MT,2012,4,1
N,RS,2013,1,7
N,,1984,10,3
N,SP,2012,2,1
N,CE,2019,12,594
N,AC,2019,3,50
S,BA,2019,3,53
N,TO,2019,3,48
N,,1991,3,3
N,SP,1977,11,1
N,MT,2011,8,1
S,PI,2019,3,13
N,SC,1971,9,1
N,CE,1991,11,1
N,CE,1989,12,1
N,GO,2007,8,2
N,PI,2019,4,327
N,PR,2019,4,868
N,AP,2019,4,98
S,TO,2019,2,1
S,,2019,4,174
N,AC,2019,4,49
S,MG,2019,4,24
N,RS,2012,11,4
N,CE,2016,4,3
S,PB,2019,4,2
N,SP,1999,6,1
S,AP,2019,4,3
N,CE,1979,9,1
N,AL,2015,5,1
N,CE,1995,4,2
N,CE,1977,10,1
N,GO,2007,9,1
S,PR,2019,5,24
N,BA,2019,5,332
N,AC,2019,5,61
S,CE,2019,5,122
S,RO,2019,5,9
N,RS,1984,8,1
S,PB,2019,5,7
N,SC,1999,4,1
N,GO,1995,6,2
N,SP,2000,9,2
N,PR,2019,6,841
N,,2010,1,9
N,SE,1993,7,1
N,,2007,10,1
N,GO,2019,6,427
S,PA,2019,6,57
N,SP,1975,10,1
S,PA,1990,11,1
N,PI,2010,6,1
N,RS,2007,7,2
N,CE,2012,7,3
N,AP,1997,5,1
N,SC,1964,3,1
S,PA,2019,7,60
N,MG,2015,10,2
N,,1978,7,2
S,AL,2019,7,11
N,TO,2019,7,18
N,,2001,4,2
N,RS,2009,2,1
N,GO,1990,7,1
N,RS,2009,12,1
N,RS,2006,6,1
N,PA,1969,4,1
N,CE,1996,7,2
N,,2005,2,3
N,CE,1997,11,1
N,MT,2019,8,202
S,RS,2019,8,58
N,TO,2019,8,18
N,AM,,,277
N,PI,2009,2,1
N,SP,1983,9,1
S,AL,2019,8,10
N,GO,2014,12,2
S,SP,2019,9,193
N,SE,2019,9,63
N,SP,2001,4,4
S,CE,2019,9,125
S,RJ,2019,8,2
S,AP,2019,9,6
N,CE,1995,12,1
I,,,,27
I,SP,2019,8,56
I,SP,,,18
I,RO,2019,9,1
S,AM,2014,9,1
N,SP,1971,8,1
N,PR,1994,2,1
I,SP,2019,7,1
N,GO,2012,9,1
I,RS,2013,10,1
N,DF,2019,10,17
S,PE,2019,10,12
N,BA,2019,10,251
S,PR,2019,10,68
N,PI,2019,11,301
S,AC,2019,10,5
S,,1996,1,1
S,MG,1999,3,1
N,,1977,8,2
N,PR,1969,1,1
S,SP,2001,10,1
S,,1994,12,1
N,CE,2011,2,1
S,TO,2019,4,5
N,,1989,10,2
N,SE,2019,11,75
N,SP,1993,12,1
N,PB,2019,11,176
N,RO,2019,11,285
N,MT,2019,11,163
N,AM,2019,11,154
S,AC,2019,11,1
N,GO,2019,12,446
N,RO,2020,1,301
N,PE,2019,12,85
S,SP,2019,12,275
S,SP,2020,1,220
S,RJ,2019,12,83
S,MT,2019,12,19
N,,1983,10,2
S,SC,2019,12,31
N,MA,2009,12,2
N,DF,2019,12,4
N,CE,1998,12,1
S,PE,2019,12,5
N,CE,2013,4,1
S,CE,1995,9,1
S,PR,2020,1,54
N,BA,2013,4,1
N,,2021,11,10492
S,PB,2020,1,12
N,GO,2002,8,1
N,CE,1979,2,1
N,AC,2020,1,23
N,PI,2012,10,1
N,PI,2020,2,68
S,MT,2020,2,15
N,BA,2020,2,109
N,AM,2020,2,55
S,GO,2020,2,31
N,DF,2020,1,8
S,SE,2020,2,6
N,SP,2000,8,1
S,MS,2020,2,2
S,PI,2020,2,9
N,MT,2012,2,2
N,MS,2001,11,1
N,PA,2001,12,1
N,MG,1981,11,1
N,,1980,2,1
N,RS,2005,9,1
S,,1993,2,1
N,CE,1992,3,1
N,SP,1974,8,1
N,,1991,10,1
N,,1969,8,1
N,,1959,6,1
N,PB,2006,10,1
S,AC,2020,2,1
N,,2020,6,458
N,,2020,12,1866
N,,2020,10,1099
N,,2005,11,2
N,,1995,8,3
S,,2002,5,1
N,GO,2021,2,1
N,,1966,2,1
S,RS,2021,9,1
S,,2022,3,1204
S,,2013,9,1
N,RO,2021,10,1
N,,2003,5,3
N,MG,2022,9,1195
N,,2006,5,1
S,,2005,6,1
N,SP,2022,5,124
N,RJ,2022,6,2
S,,2007,4,1
N,,1983,12,1
N,PE,2022,8,111
S,GO,2022,9,83
N,MA,2022,10,298
N,MG,2022,8,115
N,PA,2022,10,413
S,CE,2022,9,84
S,PR,2022,9,33
N,AP,2022,9,49
S,MA,2022,8,16
N,RN,2022,8,2
N,MS,2022,5,13
N,CE,2022,2,6
N,SP,2020,4,9
N,RS,2022,6,17
N,SE,2022,5,11
N,MG,2008,11,1
S,RJ,2022,10,6
N,DF,2022,9,15
N,PR,2020,8,2
N,SC,2022,1,26
N,SP,2021,12,14
S,PR,2003,10,2
N,AP,2011,6,1
S,MS,2022,2,3
N,SP,2011,1,1
N,SP,2021,7,10
N,PA,2022,8,34
S,MS,2022,10,28
N,AC,2022,1,2
S,PB,2022,10,6
N,SC,2021,4,2
N,SP,2020,11,11
N,PE,2021,9,2
N,PI,2022,6,3
N,AL,2021,3,1
N,TO,2022,7,5
S,RS,2021,11,3
N,SP,2015,8,3
N,MG,2011,11,2
S,MG,2022,8,22
N,SC,2021,9,14
N,CE,1998,2,1
N,DF,2022,2,1
S,SP,2012,10,1
N,PI,2012,6,1
S,AC,2022,2,3
N,MG,1998,2,1
N,MG,2004,9,1
N,PA,2020,8,1
N,SP,1969,3,2
N,MG,2013,4,1
S,DF,2022,10,2
N,RO,2020,7,1
N,SC,2015,2,3
N,RO,2022,7,1
N,MG,2006,11,1
N,SC,2006,11,1
N,SP,2015,11,8
N,SP,2004,6,1
N,SC,2010,6,1
S,TO,2022,7,1
N,MG,2012,9,1
N,MG,2014,1,2
N,RJ,2022,7,1
N,SP,2012,7,1
N,MG,2015,12,3
N,PE,2021,3,1
N,SE,2020,3,3
N,MA,2021,11,1
N,SP,2021,2,10
N,SC,2011,1,1
N,RO,2022,11,97
S,MG,2022,11,138
N,ES,2022,11,43
N,MA,2022,12,189
S,AL,2022,12,20
N,MS,2022,12,160
N,PB,2020,6,1
N,RO,2021,11,1
N,AP,2022,12,40
S,PB,2020,7,1
N,MS,1997,1,1
N,RS,2008,2,1
N,RN,2022,7,1
N,PI,2022,4,1
N,,1969,11,1
N,MG,2008,10,1
N,PE,2012,11,1
N,MG,2013,2,1
N,SC,2013,12,1
N,MG,2002,12,2
N,MA,2002,5,1
N,PA,2004,2,1
N,AM,2021,7,1
N,MG,2015,8,4
N,MS,2019,2,1
N,MA,2004,3,1
N,PI,2013,12,1
N,MG,2014,9,1
N,PI,2022,1,1
N,RS,1989,7,1
N,ES,1999,1,1
N,AM,2018,10,1
S,PA,2022,6,1
N,CE,2001,12,1
N,RS,2005,2,1
N,CE,2010,6,1
N,PE,2002,11,2
S,PR,2007,10,1
N,MG,2023,2,1278
N,MA,2023,2,322
N,PI,2023,1,325
S,MS,2023,2,42
N,PE,2023,2,393
S,MG,2023,2,182
N,SE,2021,6,1
N,MG,2011,4,1
S,PI,2023,2,36
S,RJ,2023,2,6
S,AP,2023,1,6
N,ES,2022,1,2
N,TO,2007,4,1
N,PR,2020,6,1
S,MG,2010,12,1
N,CE,2020,6,1
N,SC,2013,6,1
S,RS,2021,2,2
N,CE,1983,7,1
N,SP,1995,5,1
S,RN,2023,2,9
N,SC,2004,1,1
N,MG,1989,4,1
N,SP,2000,12,1
S,PE,2022,7,2
S,GO,2022,1,1
N,SP,2003,6,1
N,AM,1994,9,1
N,PR,1983,3,1
N,RN,1995,1,1
N,SP,2011,4,1
N,PE,2023,3,190
N,RS,2023,3,475
S,PA,2023,3,23
S,SC,2023,3,30
S,PI,2023,3,25
N,SE,2023,3,113
S,SE,2023,3,15
N,RO,2023,3,33
S,TO,2023,3,2
S,RS,2023,3,75
S,BA,2022,2,1
N,SE,2013,9,1
N,SC,2010,3,1
N,PB,2003,2,1
S,MG,2010,3,1
S,SP,1990,9,1
N,SP,2003,9,1
N,RS,1989,10,1
N,MA,2016,3,167
N,,,,136463
S,PR,2015,9,1
N,PR,1989,11,2
N,,2016,1,186
N,PI,2016,4,75
N,AP,,,553
N,MA,2015,11,90
N,TO,2016,1,9
S,PR,2016,2,15
S,RS,,,3007
S,,2016,2,2
N,PR,2016,7,1401
S,RO,2017,4,21
N,PA,2017,4,565
N,,2015,7,56
N,RO,2016,1,14
N,MA,2013,1,2
N,,2015,8,55
N,RO,2008,12,2
N,PA,2016,6,489
N,,2013,7,28
N,PR,2013,6,6
N,,1996,12,9
N,MA,1987,6,1
N,MA,1996,5,1
N,RO,2010,12,3
N,PA,2016,2,15
S,PI,2016,5,32
S,PI,2016,2,1
S,RO,2016,5,23
N,PE,2018,4,245
N,PR,1977,5,1
N,PR,2015,4,7
N,,2017,8,3801
N,SP,2017,11,6359
N,PR,2014,4,6
N,,2006,12,6
N,PA,2015,4,1
N,PA,2015,8,3
N,PB,2015,5,4
N,PR,2014,3,8
N,PB,2013,8,5
N,PA,2015,5,1
N,AL,2018,8,90
N,,2013,2,23
N,SP,2017,8,3840
N,GO,2017,8,580
S,AP,2015,5,1
N,SP,1985,7,1
N,PR,2010,5,2
N,,2010,8,14
N,PB,2016,7,153
N,,2005,6,5
S,PE,2016,6,2
S,AP,2016,6,3
N,PR,2012,3,6
N,BA,1995,1,1
N,DF,1988,8,1
N,SP,2018,9,4669
N,AP,2016,1,3
N,,1984,2,3
N,RS,2015,6,1
N,SP,2016,7,488
N,GO,2016,7,418
S,GO,,,458
S,,2016,7,78
N,PR,1990,12,2
N,RO,2013,3,5
N,DF,1996,6,1
N,PB,1997,2,1
N,RO,2015,6,7
N,,1988,2,4
S,PB,2016,7,4
N,RO,2007,6,2
N,PI,2016,8,82
S,RO,2016,8,22
N,RS,2016,8,97
S,PA,2016,8,70
N,RO,2015,12,11
N,,1986,9,3
S,,2021,7,565
N,,2010,2,14
N,,1996,11,4
S,MA,2016,8,4
N,PB,2011,8,4
N,MA,2016,9,99
N,PE,2016,9,163
N,RO,2011,5,3
N,PR,1990,9,1
S,PR,2016,9,35
S,BA,2016,9,27
N,MG,2016,9,8
S,GO,2016,9,71
N,PB,2013,7,2
N,,1996,7,6
N,,2016,10,2739
S,PE,2016,9,1
N,SP,1997,4,2
N,PB,2015,1,1
N,,1999,8,6
N,MT,2016,6,1
N,PR,1996,4,2
N,BA,2016,10,193
N,RS,2016,10,200
S,RO,2016,10,27
S,AC,2016,10,6
S,GO,2016,10,94
S,PA,2016,10,75
N,SP,1998,8,3
N,RS,2010,3,1
N,AC,2016,11,110
S,SP,2016,11,64
S,BA,2016,11,75
N,,1998,7,6
N,MG,2016,11,21
S,AP,2016,10,1
N,MT,2016,11,76
N,RO,2006,5,1
N,RN,2016,10,1
N,RO,2011,3,5
S,MA,2016,11,5
N,,1995,2,7
N,RO,2007,9,1
N,PA,2016,12,497
N,,2014,6,26
N,SC,2016,12,229
N,RS,2010,11,2
S,PE,2016,12,3
N,SE,2017,3,157
N,GO,1979,11,1
N,RO,2008,10,2
N,SP,2019,5,5085
S,,2002,2,2
S,MT,2016,12,2
N,PR,2014,11,4
N,DF,2022,1,2
N,PB,2016,1,11
S,DF,2016,12,1
N,SC,2016,1,4
N,DF,2017,7,63
N,,2010,9,11
N,,1984,1,4
S,PR,2013,9,1
N,BA,2017,9,312
N,CE,2017,9,452
S,MA,2017,1,3
N,PB,2012,7,2
N,PR,2018,7,1224
S,BA,2017,2,93
N,BA,2017,2,269
S,SC,2017,2,29
N,MA,1992,1,1
N,SP,1963,6,1
N,SP,2007,2,1
S,RS,2017,2,13
S,AC,2017,2,8
S,BA,2016,2,1
N,PI,271,2,1
N,PR,1988,11,1
N,RO,2018,4,110
N,PR,2011,9,5
N,,2011,4,13
N,,2009,11,6
N,,2001,2,7
S,PB,2017,3,11
N,,1997,5,6
N,,1997,7,4
N,PR,2012,10,3
N,SP,1991,9,4
N,PB,1990,9,1
S,,2017,4,91
N,SE,2017,4,176
N,,1993,12,3
N,MA,2017,4,212
N,SP,1994,4,2
N,SP,1996,2,4
N,,2009,2,6
N,TO,2017,4,40
N,PR,2020,1,643
N,PB,2015,12,3
N,RS,2006,3,2
N,DF,2014,10,1
N,,2008,7,3
N,MT,2017,5,302
N,AC,2017,5,138
N,PE,2017,5,177
N,,1985,10,3
N,SP,1980,2,1
N,,2000,9,4
N,PR,2019,12,617
S,PI,2014,5,1
N,SP,1997,6,3
S,AC,2017,5,5
N,SC,2017,6,201
N,PB,2017,6,206
S,RO,2017,6,10
N,AC,2017,6,122
S,RS,2017,6,14
N,CE,2017,1,11
N,SP,2014,6,5
N,RO,2011,2,1
N,,1988,6,4
S,CE,,,256
N,SP,1987,2,1
N,,2019,9,4559
N,CE,2017,3,14
N,,1989,9,3
N,SE,2017,7,122
N,CE,2011,9,2
N,,2022,4,13515
N,BA,1998,4,1
N,CE,2012,8,2
N,,1971,5,1
S,CE,2017,8,37
N,PR,1999,2,1
N,MG,2017,8,72
N,AC,2017,8,88
S,MA,2017,8,10
S,SC,2015,4,1
N,CE,2015,10,5
S,SE,2017,8,2
N,SP,2013,7,3
N,PR,2009,3,1
S,PA,2017,9,77
N,RS,2017,9,132
N,MG,2017,9,34
S,PR,2017,9,42
S,DF,2017,9,1
N,,1993,9,4
N,PB,2012,1,3
N,SP,2014,9,4
S,AP,2017,9,2
N,PR,2011,11,1
S,,2017,10,137
N,,2011,3,14
S,TO,2017,9,4
N,BA,2017,10,324
N,SP,1995,1,3
S,MA,2017,10,26
N,PR,2012,2,5
N,SP,1994,9,2
N,,2004,12,6
N,CE,2016,9,4
N,,1995,5,8
N,PR,1995,2,2
N,,1988,12,1
S,PE,2017,10,2
N,CE,2001,2,1
N,BA,2017,11,399
N,PB,2018,11,296
N,SP,1966,3,1
S,BA,2017,11,72
N,SP,1994,5,2
N,GO,2018,3,804
N,MT,2015,5,2
S,MG,2017,11,13
N,MT,2017,11,127
N,RO,1997,9,1
S,AC,2017,11,8
S,SP,2018,9,160
N,BA,2018,5,226
N,AC,1999,4,1
N,SP,2012,12,21
N,CE,2007,8,2
N,MT,2017,12,103
N,SC,2017,12,198
N,RO,2017,12,164
S,SC,2017,12,11
S,PB,2017,12,5
N,,1963,2,1
S,MT,2017,12,9
N,,1976,9,2
N,SP,1987,3,2
N,PA,2018,1,587
N,SE,2018,1,229
N,GO,2018,1,764
S,PE,2018,1,13
S,CE,2018,1,64
S,BA,2018,1,69
N,,1986,5,2
S,RS,2018,1,13
N,SE,2015,1,6
N,SP,2008,1,1
N,SP,2019,7,4607
N,SP,1960,6,2
N,SP,2013,1,6
N,PR,2006,4,1
N,MA,2018,2,135
N,SP,2018,4,4461
N,TO,2018,2,22
N,SP,1958,9,1
S,RS,2018,2,5
N,DF,2018,3,11
S,BA,2018,3,56
S,MA,2018,3,6
S,RO,2018,3,5
N,,1984,4,2
N,RS,2014,6,3
N,PB,2011,7,2
N,SP,1983,3,3
N,MG,2018,4,235
N,AP,2018,4,21
N,BA,2018,4,220
N,RO,2005,12,1
S,PI,2018,4,6
N,,2002,7,7
N,,1983,3,5
N,SP,2018,11,4661
N,SP,1997,10,3
S,CE,2016,12,1
N,,1981,7,3
N,PR,2004,9,1
S,SP,2000,1,1
N,,2000,2,5
N,PA,2018,5,695
N,RO,2018,5,130
N,,2008,4,5
N,RO,2008,8,2
N,PA,2018,6,612
N,MT,2019,4,248
N,SP,1957,5,1
S,MT,2018,5,13
N,SP,1982,9,1
N,PI,1998,5,2
S,PR,2018,6,26
N,SP,1976,6,1
N,CE,2008,1,1
N,SE,2018,7,157
N,GO,2006,6,1
N,PR,2011,5,2
N,CE,2018,7,471
N,AC,2018,7,56
N,PI,2018,7,190
S,BA,2018,7,48
S,PR,2018,7,27
N,CE,2016,10,5
N,SP,1999,11,3
S,RS,2018,7,15
S,RJ,,,1500
N,PI,2018,11,236
N,GO,2013,9,1
S,MG,2018,8,15
N,SC,2018,8,211
S,GO,2018,8,25
N,SC,2019,9,351
N,BA,2019,4,345
S,CE,2018,8,62
N,MG,2019,6,1215
N,MA,1992,10,1
N,MA,1995,12,1
N,CE,2008,8,2
S,MG,2018,9,29
N,PI,2013,3,1
N,TO,2018,9,44
S,AC,2018,9,5
N,,1972,3,1
N,SE,2019,7,154
N,BA,2018,10,329
N,SE,2019,1,239
S,,2018,10,186
N,AL,2018,10,83
N,BA,2007,11,1
N,AC,2018,10,88
S,PE,2018,10,5
S,SC,2018,10,18
N,SP,2008,10,1
N,TO,2018,10,52
N,PI,1982,3,1
N,PR,1993,10,1
N,PE,2018,11,172
N,BA,2014,10,1
N,MA,2009,10,1
N,MG,1966,8,1
N,PR,2007,2,1
N,PB,2015,8,1
N,PB,2012,2,3
N,,2018,12,3302
N,CE,2012,2,3
N,AL,2018,12,91
S,AC,2018,12,14
N,MT,2018,12,157
N,RO,2018,12,192
N,AP,1977,3,1
N,PB,2007,5,1
N,CE,2009,4,1
N,PB,2012,12,1
N,RS,2015,1,6
N,,1986,6,4
N,PR,1993,6,1
N,SP,2001,1,1
N,GO,1990,10,1
N,PE,2009,1,1
N,,1984,8,1
N,MA,1997,5,1
N,,1960,10,1
N,SE,2019,2,163
N,RO,2019,2,95
S,SC,2019,2,19
N,GO,1990,2,1
S,AC,2019,2,3
N,RS,2014,5,7
N,RS,1995,2,1
N,MG,2019,3,349
N,MG,1978,3,1
S,,2019,3,160
S,SP,2019,3,142
N,PE,2019,3,165
S,GO,2019,3,24
S,MG,2019,3,17
N,PB,1997,4,1
N,MT,2011,4,1
N,MT,2010,5,1
N,DF,2019,3,4
N,CE,1990,12,2
N,SE,2019,4,199
N,PE,2019,4,134
N,PR,2019,10,811
N,CE,1994,3,2
S,CE,2019,4,76
N,RS,2013,11,2
N,BA,2014,8,2
N,PR,2007,6,1
N,RS,2011,3,1
N,SP,1994,8,1
N,SE,2019,6,248
N,CE,1997,2,1
N,PB,2019,6,219
N,,1987,11,1
S,SC,2019,6,26
S,PI,2019,6,23
S,RS,2019,6,54
N,MA,2019,6,211
N,SP,2000,4,1
S,AL,1994,7,1
N,MG,1991,8,1
S,MG,2019,7,121
N,MT,2019,7,240
S,BA,2019,7,33
S,RS,2019,7,55
N,PI,1993,9,1
N,PI,2006,10,1
N,CE,2013,10,1
N,GO,1996,4,1
N,PB,2010,1,1
N,PB,2010,3,1
N,MA,2019,8,286
N,PE,2019,8,128
S,RO,2019,8,6
N,SP,1992,10,1
N,SC,1991,7,1
N,SP,1974,7,1
N,SP,2000,5,2
N,DF,2019,8,36
S,PB,2019,8,4
S,MG,2019,9,138
N,AL,2019,9,82
S,TO,2019,5,5
N,GO,2011,11,1
N,MA,2005,5,1
N,SP,2014,5,2
N,CE,2015,5,4
N,,2001,5,5
S,AM,2019,5,1
N,GO,2014,7,1
I,MG,,,9
I,MT,2019,9,1
I,CE,2019,8,2
I,PA,2019,9,5
S,SE,2019,9,2
I,SC,,,1
I,,2009,9,1
N,CE,2003,5,1
S,MT,2019,10,47
N,RS,2008,1,2
N,,1992,1,1
S,AL,2019,10,18
N,CE,2000,4,1
N,AL,1986,3,1
N,MS,2019,10,2
N,RS,2005,8,1
S,TO,2019,10,1
N,SP,1984,7,2
N,CE,1995,8,1
N,SE,1991,12,1
N,CE,2013,11,1
S,MG,2019,11,149
S,AP,2019,11,8
S,RS,2019,11,108
N,DF,2019,11,12
S,MS,2019,11,36
N,RJ,2019,12,187
S,SC,2020,1,56
S,AM,2020,1,103
N,GO,2020,1,363
N,RO,1998,3,1
S,MA,2019,12,22
N,,1979,12,1
S,RO,2020,1,22
S,AL,2020,1,13
N,RJ,2019,4,1
N,MT,2007,6,1
S,GO,2020,1,58
N,,1982,10,4
N,MA,2010,12,1
S,MT,2009,11,1
S,,2021,10,835
N,RO,1990,12,1
N,CE,2011,12,1
N,MA,1986,7,1
N,,1976,2,1
N,PR,2003,4,1
N,MG,2020,2,662
N,SC,2020,2,211
N,CE,1991,2,1
N,RS,1976,2,1
N,MA,2008,11,1
S,PE,2020,2,3
N,MG,1991,2,1
S,TO,2020,2,2
N,SP,1986,2,1
N,,2001,11,2
N,,2021,4,3869
N,,2021,6,4580
S,,2020,6,24
S,,2021,6,571
N,,2004,2,3
N,,2002,11,6
N,,2005,7,3
N,,2002,6,6
S,,1994,4,1
S,,2022,2,1003
N,RS,2022,2,25
N,,1961,10,1
N,RN,2022,3,1
N,,1964,5,1
N,PR,2022,5,36
N,,1975,5,1
N,SP,2022,6,223
S,,1984,5,1
N,SP,2022,8,313
S,,2022,9,320
N,PI,2022,8,7
N,PR,2022,10,461
N,AP,2022,10,81
N,AM,2022,10,211
S,SP,2022,10,293
N,RS,2021,8,2
S,AM,2022,9,35
N,SP,2021,5,6
N,CE,2022,4,11
N,SP,1984,5,1
N,MS,2021,10,9
S,DF,2022,9,1
N,MS,2021,7,9
N,RN,2022,9,79
S,SP,2021,8,4
N,SP,2020,5,11
S,MG,2022,7,7
S,MS,2022,9,14
N,RO,2022,5,12
N,PR,2021,2,4
N,AL,2022,7,12
N,MS,2021,5,3
S,CE,2022,8,8
S,AP,2022,9,4
N,DF,2022,10,39
N,MA,2022,2,3
N,AL,2022,2,4
N,SC,2021,11,14
S,MT,2022,8,9
N,GO,2021,4,2
N,MG,2015,4,1
N,PA,2022,5,8
N,SC,2021,10,17
N,SP,2006,2,1
N,PR,2021,8,4
N,PA,2022,6,5
S,SP,2022,6,9
N,AC,2022,6,5
N,AP,2020,5,1
S,MG,2022,5,5
N,PR,2020,12,4
N,BA,2021,10,3
N,MS,2018,5,2
N,RS,2021,7,3
N,SC,2020,10,7
S,ES,,,2
N,MG,2013,1,1
N,PI,2022,7,4
N,AL,2022,1,2
N,MA,2021,10,1
N,MS,2000,3,1
N,AL,2021,1,2
S,SP,2016,3,1
N,MG,2012,2,2
S,MG,2021,6,1
N,MG,2020,3,2
N,SC,2020,8,2
N,PR,2020,10,1
N,SP,1991,2,1
S,DF,2022,7,1
N,SE,2022,4,2
S,MS,2022,1,1
N,MS,1967,7,1
N,CE,2011,5,1
N,GO,2022,12,580
N,MG,2022,11,1089
N,CE,2022,12,663
S,SP,2022,12,222
S,,2022,12,127
S,SP,2022,11,154
S,GO,2022,12,59
S,TO,2022,11,17
S,MA,2022,11,56
N,AL,2020,12,2
N,RJ,2022,11,21
S,SC,2022,12,53
N,SP,2014,7,2
S,PR,2022,12,38
N,SE,2020,7,2
N,PA,2022,1,13
N,PR,2021,12,4
N,AP,2020,7,1
N,PR,2021,11,5
N,SE,2020,10,1
S,AM,2022,12,17
N,MG,2021,7,2
N,SP,2013,5,2
N,MG,2015,1,1
S,PE,2022,11,11
N,CE,2021,6,1
S,MA,2022,2,2
N,CE,2022,1,14
N,SP,2005,5,1
N,,1961,3,1
N,PR,2020,7,1
N,GO,2021,12,3
N,SP,1964,8,1
S,AP,2022,12,4
N,GO,2021,1,1
N,AP,1995,11,1
N,SC,2012,12,2
S,MA,2022,5,1
N,MG,2023,1,1350
N,AM,2023,2,113
N,MT,2023,2,82
S,PB,2023,1,13
S,,2023,2,152
N,AC,2023,1,60
N,CE,2020,9,1
N,PE,1989,7,1
S,MA,2023,1,46
S,CE,2023,2,69
S,SE,2023,1,7
S,RS,2013,12,1
N,MG,2017,5,1
N,SC,1997,7,1
N,MG,2003,7,1
S,AC,2023,1,5
N,RS,2001,1,1
N,SC,2007,1,1
N,MG,2015,11,3
N,,1975,2,1
S,RO,2023,2,8
N,BA,2022,1,1
N,PA,2007,6,1
N,AL,2012,12,1
N,CE,2003,12,1
N,SC,2010,9,1
N,SP,1983,5,1
N,SP,2011,7,1
N,PR,1993,1,1
N,SP,2003,1,1
N,SC,2023,3,370
N,GO,2023,3,345
S,MG,2023,3,50
S,GO,2020,7,1
S,AL,2023,3,7
S,ES,2023,2,2
N,AC,2021,6,1
S,PE,2023,3,21
N,SC,2020,3,2
N,MG,2004,8,1
N,AC,2021,11,1
N,SC,1996,5,1
N,RN,2018,9,1
S,MG,2021,12,1
N,PE,2013,2,1
N,MG,2002,5,1
N,SC,2014,10,1
N,PE,2012,12,1
N,,2016,4,430
N,PR,2016,4,615
N,PA,2016,3,60
N,PR,2016,3,704
N,AP,2016,4,97
S,AP,2016,4,8
S,PE,2016,4,11
N,MA,2016,4,148
N,,2016,3,259
S,,2017,11,177
S,PR,2015,12,8
N,,2015,11,64
N,PR,1981,7,1
S,PA,2016,4,29
S,PI,2016,4,27
N,DF,2016,4,32
S,DF,2016,1,1
N,RO,2016,3,161
N,AC,2016,2,16
N,AC,2016,3,107
N,PR,1982,12,2
N,TO,2016,4,24
N,SC,2016,5,272
S,MA,,,163
N,AP,2016,3,108
N,RO,2011,11,8
S,RR,2016,3,1
N,,2015,10,34
S,AP,,,26
N,PA,1968,12,1
N,,2014,10,32
N,SP,2016,3,9
N,MA,1985,1,2
N,DF,,,12356
N,BA,2016,3,7
N,RO,2016,6,274
N,,2016,6,1300
N,RO,2016,5,327
N,RO,2015,8,12
S,BA,2016,5,25
S,SC,2016,4,3
N,RS,1992,2,1
S,DF,2016,5,37
N,SE,,,515
N,BA,2016,4,138
N,BA,2015,5,3
N,SP,1983,2,1
N,PB,2011,5,2
N,DF,1972,10,1
N,RO,2012,12,5
N,PR,1994,3,1
N,SE,2016,4,1
S,PB,,,45
N,MA,2016,8,151
N,PR,2016,11,948
N,MA,2014,10,22
N,BA,2016,6,196
N,PB,2010,4,3
S,PR,2016,7,61
N,,2014,11,26
N,SE,2016,1,2
S,SE,2016,6,12
S,TO,2016,6,7
N,DF,1995,1,1
N,PB,2016,3,13
N,,1995,6,3
N,DF,1991,2,1
N,,2013,6,14
N,PR,1978,9,1
N,GO,2009,6,2
N,,1995,12,7
N,PI,2016,7,100
N,BA,2016,7,181
N,PA,2015,6,1
S,RO,2016,7,20
N,,1998,6,8
S,AM,2016,7,17
N,PR,1989,1,2
N,BA,2007,1,2
S,AC,,,62
N,PR,2008,10,2
N,SP,1993,5,3
N,SP,2019,6,4546
N,PR,2013,9,7
N,RO,2010,4,4
N,PR,1989,12,1
N,PB,2007,8,1
S,SP,2016,8,12
N,PR,2016,8,1479
N,PA,2016,8,592
N,PR,1996,3,2
N,TO,2016,8,36
N,RO,1999,9,1
N,SP,2016,11,1443
N,SC,1995,10,2
N,PR,1976,5,1
N,SP,2017,7,2707
N,SP,1991,8,2
S,,2016,9,86
N,SC,2016,9,285
N,PB,2016,9,150
N,GO,1997,10,1
N,RO,2015,7,10
N,PR,2006,10,3
N,,2011,8,23
N,RO,2014,5,10
N,PB,2003,11,1
S,AP,2016,9,5
N,MT,,,2929
N,BA,2012,6,1
N,RO,2004,1,2
N,PB,1993,8,1
S,DF,2016,9,2
S,TO,2015,1,1
S,BA,2016,10,46
N,AC,2016,10,122
S,DF,2016,10,7
N,PB,2013,1,5
N,CE,2017,6,499
S,PE,2016,10,1
N,,2011,9,15
N,,2016,11,3267
N,,2013,10,19
S,RS,2016,11,8
N,MT,2016,10,7
N,AC,2015,10,1
N,RS,2009,1,2
N,PA,1984,12,1
N,SP,2010,4,1
N,RO,2013,1,2
N,,2018,2,4157
N,,2013,8,26
N,RO,2005,7,1
S,PI,2016,11,21
N,PB,2008,8,1
N,PR,2016,12,882
N,RS,2016,12,124
N,SP,1995,6,2
N,SP,1982,7,1
N,RO,2009,2,2
N,PA,2019,10,510
N,PR,1988,4,2
N,SP,1981,7,1
N,,1988,3,2
N,AC,1980,10,1
N,,2017,1,2354
N,MG,2017,1,94
N,PE,2017,1,127
S,,2017,1,125
N,PB,2017,1,189
S,MG,2017,1,11
N,PR,1988,5,1
N,DF,2017,9,80
N,TO,2010,9,1
N,RS,2014,10,2
N,DF,1974,9,1
N,RO,2006,4,4
N,SP,1989,9,2
N,PB,2011,9,3
S,PB,2017,1,4
N,PE,1968,3,1
S,,2017,2,96
N,RS,2017,2,166
N,SE,2017,2,94
N,SP,1978,2,1
N,PR,2015,3,13
N,RS,2014,11,8
N,MG,2017,2,15
N,RO,2009,1,1
N,RS,2013,2,7
S,MA,2017,2,7
N,DF,2015,2,2
N,MT,2018,2,153
N,AL,2016,2,2
N,MA,2017,3,175
N,BA,2017,3,292
S,BA,2017,3,88
S,BA,2014,2,1
N,PR,2014,5,4
N,RO,2012,1,3
N,RO,2001,3,1
N,SP,1990,5,2
N,,1985,4,1
N,,1998,1,10
S,GO,2017,4,96
N,MG,2017,4,33
S,AC,2017,4,15
N,SP,2017,5,3270
N,,1991,1,1
S,PB,2017,4,5
N,,2005,1,14
N,MA,2003,1,2
N,,2002,3,11
N,DF,2017,5,65
N,,2012,3,19
S,RS,2017,5,10
S,AP,2017,5,3
N,CE,2019,2,502
N,,2007,7,8
N,BA,2014,5,1
S,AC,2017,6,9
N,TO,2017,6,10
N,MT,2014,6,2
N,SP,1998,7,3
N,SP,1996,5,3
N,,2007,8,7
N,CE,2016,12,4
N,AC,2017,7,126
N,,2002,1,15
S,SP,2017,7,59
S,PB,2017,6,4
N,PR,1997,4,2
N,,1974,2,3
N,SC,1982,1,1
N,,2006,2,4
N,,1996,3,2
S,SP,2017,8,155
N,PR,2003,11,1
N,,2002,8,12
N,DF,2017,8,81
N,AC,2014,12,1
N,,1999,5,1
S,GO,2017,8,103
N,MA,2017,8,203
S,BA,2017,8,42
N,PR,1990,5,1
S,RO,2017,8,11
N,,1991,9,5
N,SP,1996,6,3
N,PB,2009,3,2
S,MA,2017,7,1
N,SE,2017,9,135
N,SP,2018,2,4350
S,RS,2017,9,7
S,MT,2017,9,29
N,SP,2015,9,6
S,PE,2017,9,4
N,,1988,9,3
N,MT,2012,3,1
N,SC,2017,10,209
N,RO,2017,10,191
N,AP,2017,10,83
N,MG,2017,10,38
N,RO,2000,5,1
N,SP,1982,5,5
N,CE,1999,8,1
S,SE,2017,10,1
N,SP,1970,11,1
N,AL,2017,11,52
N,PE,2017,11,127
S,MA,2016,6,1
N,,2000,10,7
N,TO,2017,11,21
N,PB,2010,8,2
N,PR,1988,10,1
S,SC,2017,11,10
N,PA,2019,7,642
N,SP,2019,11,4677
S,SP,2019,1,153
N,RO,2019,1,137
N,PA,2019,1,613
N,SP,2007,12,1
N,MG,2017,12,102
N,PE,2017,12,204
N,MG,2019,8,1290
N,MG,2018,5,298
N,,1988,11,2
S,SE,2014,12,1
S,PE,2017,12,9
N,TO,2017,12,5
N,,1993,6,1
N,SP,1996,12,2
N,,1994,4,4
N,,2019,4,4288
N,,2009,4,10
N,RS,2019,4,1203
N,,1994,5,4
N,CE,2006,10,2
N,,1981,5,3
N,,2018,1,7866
S,PA,2018,1,70
N,SC,2018,1,255
N,MA,2018,1,210
N,PB,2018,1,270
N,RO,2018,1,191
S,MA,2018,1,19
N,CE,2009,5,2
N,GO,2019,7,436
N,PB,2009,2,3
S,BA,2018,2,50
N,CE,1980,10,1
N,,1999,11,7
N,PI,1995,7,1
S,TO,2018,2,5
N,AP,2018,3,32
N,AL,2018,3,61
N,,2006,6,4
S,PR,2018,3,28
N,PR,1992,3,1
N,,1968,8,1
S,AL,2018,3,3
S,AC,2018,3,7
N,SP,1985,3,1
N,PR,1978,11,1
N,SE,2018,4,176
N,SC,2018,4,170
N,SP,2015,4,7
S,GO,2018,4,81
S,BA,2018,4,59
N,DF,2018,4,5
N,CE,2010,10,1
S,AL,2018,4,8
N,PR,2010,4,1
N,CE,2016,6,2
N,RO,2004,7,2
N,MG,1984,1,1
N,PE,2018,5,284
S,SP,1996,12,1
N,,2008,3,5
S,AL,2018,5,5
N,PR,2012,6,1
N,SP,1998,12,3
N,AL,2018,6,50
N,RS,2018,6,158
S,SC,2018,6,13
S,GO,2018,6,25
S,PE,2018,6,1
N,TO,2018,5,51
N,GO,1986,11,1
N,SP,2011,6,1
N,SC,2018,7,222
N,PB,2012,4,1
N,RO,2018,7,119
N,TO,2018,7,33
N,AP,2018,7,23
N,,1987,9,2
S,,1993,1,1
N,CE,2012,5,1
S,AC,2018,5,4
N,PI,2018,8,228
N,RS,2019,9,967
S,RS,2018,8,8
N,AP,2018,8,45
N,SP,2001,8,1
N,PE,1996,11,1
N,,2012,2,23
N,SP,1988,5,1
N,,2018,9,3474
N,PE,2018,9,195
N,SP,1994,3,1
N,,1999,4,7
N,,1975,12,1
N,GO,2003,12,1
N,MT,2012,6,1
N,PI,2010,2,2
N,PA,2014,10,1
N,PA,2018,10,655
N,PA,2020,1,347
N,SC,2018,10,356
S,PR,2018,10,28
S,RO,2018,10,4
S,MA,2018,10,6
N,,1969,5,1
N,,1981,11,3
S,GO,2018,11,44
N,CE,1987,6,2
N,TO,2018,11,45
S,PB,2018,11,2
N,AC,2019,10,61
N,PI,2018,12,153
S,,2018,12,109
S,SP,2018,12,149
N,PB,2018,12,296
S,AL,2018,11,3
S,AL,2018,12,11
S,MA,2018,12,8
S,PR,1984,5,1
N,MA,2000,6,1
N,GO,2008,11,1
N,PI,1994,3,1
N,AP,1991,12,1
N,PA,2010,12,1
N,MG,1987,2,1
N,SP,2003,12,1
S,PA,2019,1,62
N,MG,2019,1,276
S,PI,2019,1,10
N,RS,2000,10,1
N,MA,1996,4,1
S,MG,2019,1,3
N,GO,1998,12,1
S,SP,2019,2,150
S,MA,2019,2,13
S,PB,2019,2,6
N,SC,1994,11,1
N,,2000,6,6
N,RS,2013,5,2
N,PB,2019,3,341
N,AP,2019,3,127
N,RS,2006,11,1
N,AL,1990,1,1
S,PR,2019,3,27
N,RS,2019,8,1197
N,MT,2008,12,1
N,SC,1987,2,1
N,,1998,9,2
N,RS,2011,11,2
N,PB,2019,4,288
N,RO,2019,4,147
N,BA,1979,8,1
N,CE,1976,2,1
N,GO,2014,11,1
N,MT,2019,10,256
S,AL,2019,4,6
S,CE,2017,4,1
S,PA,2019,5,52
N,SE,2019,5,242
S,MT,2019,5,22
S,MG,2019,5,26
N,CE,2004,8,1
N,RS,2011,9,3
N,GO,2003,5,1
N,CE,2004,4,1
N,CE,2002,7,1
N,PI,219,5,1
N,GO,2006,3,1
S,AC,2019,5,2
N,CE,2011,8,2
N,,1992,9,2
N,AP,2019,6,113
S,CE,1989,6,1
S,MA,2019,6,13
N,TO,2019,6,4
S,RO,2019,6,1
N,,1967,8,1
N,,1970,10,1
N,AL,2019,7,125
N,AP,2019,7,142
N,,1984,11,2
S,AP,2019,6,1
N,,2003,8,6
N,AC,2019,7,124
N,GO,2014,3,2
N,RS,2012,5,1
N,MG,2014,4,1
N,PR,2019,8,870
N,SC,1990,10,1
S,,2019,8,258
N,AL,2019,8,102
S,GO,2019,8,22
N,CE,1982,4,1
S,MA,2019,8,22
N,AC,2019,8,31
N,MG,1973,9,1
S,TO,2019,8,3
N,PI,2012,11,1
N,CE,2012,10,1
S,,2019,9,282
N,DF,2019,9,7
N,MT,2019,9,147
N,AM,2019,5,1
S,RS,2019,9,84
N,PE,2019,9,151
N,AM,2019,9,173
N,RS,1988,6,1
S,AL,2019,9,12
N,,1970,7,1
S,SP,1996,4,1
N,MT,2015,7,1
N,CE,1988,2,1
N,PI,2011,12,1
N,SC,1978,3,1
N,CE,2014,12,1
N,,1983,5,1
S,PE,2019,9,6
N,,2003,2,6
N,AP,1992,4,1
I,MG,2019,9,26
I,,2019,9,244
I,DF,,,33
I,SC,2019,9,6
I,RS,2019,9,32
I,MT,,,2
N,BA,2022,12,195
S,,2019,10,371
S,GO,2019,10,58
N,RS,2012,10,1
N,PI,1999,3,1
N,AM,2019,10,137
S,CE,2019,10,106
S,BA,1999,10,1
N,CE,1998,9,1
N,SC,2019,11,361
S,GO,2019,11,48
N,AL,2019,11,111
N,PE,2019,11,59
S,AM,2019,11,74
S,AL,2019,11,15
S,BA,2019,11,46
S,,2019,12,382
N,RN,2019,12,52
N,RS,2020,1,895
N,MS,2020,1,77
N,,1980,12,4
N,MT,2019,12,126
S,,2020,1,506
N,SP,2009,12,4
S,BA,2019,12,36
S,MG,2019,12,112
S,RS,2020,1,116
N,RS,2003,8,1
N,TO,1977,6,1
N,,2008,10,7
N,CE,2013,2,2
N,GO,2013,10,2
N,,1990,7,2
N,PB,2009,12,1
S,MS,2019,2,1
N,,1999,3,6
N,PE,1974,6,1
S,SC,1987,12,1
N,PA,2008,3,1
S,MS,2019,3,1
S,,1999,4,1
N,TO,1988,8,1
N,CE,1998,7,1
S,,2020,3,778
N,MS,2020,2,34
N,GO,2012,1,1
N,CE,2003,11,1
S,RJ,2020,2,16
N,TO,2020,2,5
S,BA,2001,1,1
N,MG,1988,7,1
N,,2009,1,15
S,MT,2017,7,1
N,,202,2,2
N,CE,1995,2,1
N,,2020,7,534
N,,2021,3,3474
N,,2021,2,3001
N,,2021,1,3061
S,,2021,1,489
N,,2020,9,633
S,,2021,9,878
N,,2004,8,3
N,,1964,2,1
S,,1988,7,1
N,,2002,5,8
N,,1989,7,1
N,MG,2021,9,6
N,,1968,4,1
N,,1979,8,1
N,DF,2021,11,1
S,,2011,2,1
N,,1973,6,1
N,,1960,2,1
N,,1963,10,1
N,,1975,8,2
S,,2022,6,1357
N,SC,2022,7,49
N,CE,2023,1,754
S,RS,2022,7,7
N,RS,2022,5,30
N,,2006,9,1
S,,2015,9,1
S,SP,2022,8,16
N,,1977,1,1
N,,1969,9,1
N,GO,2022,7,17
N,AC,2022,7,2
N,ES,,,351
N,BA,2022,10,236
S,MG,2022,9,170
N,SC,2022,10,593
N,SC,2022,9,520
N,RR,2022,9,31
S,MG,2022,10,157
S,GO,2022,10,66
N,ES,2022,10,50
N,SP,1984,2,2
N,AC,2022,9,121
S,PR,2022,10,54
N,MG,2022,6,36
S,SC,2022,9,41
N,MT,2022,10,39
S,RS,2022,5,5
N,MT,2022,7,39
S,PI,2022,9,27
N,BA,2022,7,23
N,MS,2021,12,4
S,SP,2022,4,2
N,MA,2022,5,15
S,AM,2022,10,47
S,,2001,1,1
S,CE,2022,7,4
S,MS,2022,5,1
N,SP,2020,10,8
N,MS,2022,2,11
N,AP,2009,11,1
N,SC,2020,9,3
S,MG,2022,4,7
N,SE,2022,3,6
N,AC,2022,4,3
N,PA,2021,4,2
N,SE,2015,8,1
N,MG,1993,10,1
S,MS,2014,11,1
N,RS,2020,4,2
S,PE,2021,5,3
N,BA,2022,4,2
N,SC,2021,8,15
N,SC,2014,3,1
S,SP,1973,12,1
N,SC,2021,6,1
N,MG,2020,8,3
N,MG,2014,10,4
N,GO,2022,1,3
N,MS,2018,3,1
N,PA,2021,8,2
N,SE,2015,9,1
N,PR,2022,2,3
N,SP,2009,6,2
N,MT,2013,8,1
N,CE,2020,10,1
N,AP,2014,11,1
N,MA,2021,12,1
N,RS,1995,7,1
N,CE,2021,10,1
N,BA,2021,4,1
N,DF,2022,7,2
N,AM,2016,12,1
N,SE,2020,11,2
N,PE,2020,12,1
N,ES,2022,8,2
N,PA,2009,12,1
N,SE,2020,4,4
N,SP,2022,11,3337
N,CE,2022,11,716
N,PR,2022,11,439
S,MG,2022,12,133
N,AM,2022,11,159
N,MG,2022,12,1144
N,SE,2022,11,167
N,AC,2022,11,99
S,SE,2022,11,2
S,PA,2022,11,83
S,RO,2022,11,18
N,ES,2022,12,44
S,RN,2022,12,22
S,GO,2022,8,3
S,PR,2022,11,40
S,MT,2022,12,12
N,PR,2021,9,9
S,PI,2022,12,53
S,PE,2022,12,20
N,RO,2021,8,1
N,RJ,2022,12,18
N,RO,2021,6,3
N,SC,2021,5,2
N,SC,2020,5,5
N,DF,2011,12,1
N,DF,2022,11,8
N,AM,1999,6,1
N,GO,2020,3,1
N,SC,2014,12,2
N,RS,2020,3,2
N,BA,2002,11,1
S,CE,2021,1,2
S,CE,2022,5,3
S,SP,1988,4,1
N,AL,2022,5,1
N,MS,2017,7,1
N,MG,2014,3,1
N,CE,2004,3,1
N,RS,2021,6,1
S,MG,2023,1,158
S,AM,2023,1,36
N,RS,2023,1,1102
N,RN,2023,2,294
N,PA,2023,1,340
N,CE,2002,4,1
S,,2023,1,190
S,GO,2023,1,72
S,CE,2023,1,54
N,AL,2023,1,125
S,MS,2023,1,35
N,SE,2023,2,222
N,MT,2023,1,62
S,MT,2023,1,10
N,SP,1975,4,1
N,SP,2015,3,1
N,CE,2004,1,1
N,CE,1999,7,1
N,SE,2014,3,1
S,MT,2022,6,3
N,MG,2010,11,1
S,PR,2022,4,3
N,MG,2006,7,1
N,SE,2002,9,1
N,AM,2022,8,1
S,GO,2012,4,1
N,RS,2002,1,1
N,SP,1997,12,1
N,TO,2015,4,1
N,SC,2015,1,1
N,MG,2023,3,357
S,MA,2023,3,18
N,PI,2023,3,161
S,MS,2023,3,19
S,MT,2023,3,6
N,RJ,2023,3,2
N,PI,2009,8,1
S,RS,2021,12,1
N,SP,1967,5,1
N,PB,2021,4,1
S,RN,2023,3,2
N,SP,2003,2,1
S,SP,1993,5,1
S,RS,2004,9,1
N,SP,2013,2,1
S,GO,2022,3,1
N,SC,1984,8,1
S,PR,2015,11,8
N,PR,2015,11,181
N,MA,2015,6,117
N,MA,2015,1,55
S,,,,12989
N,,2015,2,30
S,AC,2016,4,8
N,RO,2012,2,3
N,SP,2016,1,14
N,PA,,,4135
N,DF,2016,6,517
N,PR,2015,2,12
N,RS,2016,6,125
N,RS,,,21259
N,RR,2016,3,2
N,PA,2016,11,546
N,PR,1987,12,1
N,RO,2014,7,5
N,MA,2016,11,115
S,PA,,,326
S,PI,2016,3,8
N,PI,2015,11,3
N,PR,1977,3,1
S,PA,2016,5,125
S,BA,2016,4,3
N,CE,2018,2,444
N,TO,2016,5,32
N,RS,2016,3,11
S,AP,2016,5,12
N,BA,2015,8,15
N,SP,1998,3,1
N,PB,2014,12,4
N,DF,1989,5,1
N,PB,,,2209
N,,1990,3,4
N,SP,2017,2,2173
N,PR,2010,8,2
S,DF,2016,6,30
N,SC,1974,4,1
N,SC,2016,6,276
S,,2016,6,52
N,RO,2012,3,4
S,SP,2016,6,11
N,TO,2016,2,5
N,RO,2014,1,11
S,AC,2016,6,6
N,GO,2015,6,2
N,PR,1988,2,2
N,PR,2010,6,3
N,,2009,6,9
N,RO,2016,7,332
N,SE,2017,6,188
N,SC,2016,7,264
N,,1992,4,3
N,MA,2016,7,137
S,PR,1997,8,1
S,DF,2016,7,8
N,,2019,10,4374
N,,1997,9,3
N,,2014,2,22
N,DF,1994,9,2
S,,2015,7,1
N,AL,2016,7,2
N,,2005,12,12
N,,2012,5,21
S,,2016,8,60
N,SP,1993,9,4
S,SC,2016,8,34
N,PE,2016,8,82
S,PR,2016,8,47
N,PR,1991,8,1
N,GO,2016,3,3
N,GO,2019,9,470
S,RS,2016,8,6
N,PR,2004,1,1
N,,2014,8,25
N,PR,1966,5,1
N,AC,2009,11,1
N,RO,2013,5,3
N,SC,1994,10,1
N,RS,2012,8,7
N,,2016,9,2251
N,SP,1979,9,2
N,BA,1990,3,1
N,,2018,5,4305
N,,2019,3,4221
N,,1987,6,5
N,RO,2009,3,2
N,PA,2016,10,631
N,SE,2016,10,165
N,RO,2012,4,9
N,SP,1990,10,3
N,RO,2015,1,3
S,AL,2016,9,2
N,DF,2016,10,260
N,RO,2014,2,7
S,SC,2016,10,23
N,PR,2008,1,1
S,MA,2016,10,6
N,,2017,6,2756
S,TO,2016,10,1
N,GO,1990,5,1
N,RS,2016,11,153
S,SC,2016,11,20
N,PI,2016,11,148
N,AL,2016,11,19
S,MT,2016,11,14
N,PR,1999,10,2
N,,1989,12,3
N,PA,1997,11,1
N,RO,2007,12,1
N,RO,2014,12,7
N,PB,2014,5,4
N,PA,2015,11,1
N,RO,2016,12,269
N,,2016,12,2427
N,PI,2016,12,74
S,RO,2016,12,21
S,PA,2016,12,51
N,GO,2016,12,314
N,TO,2016,12,37
N,PB,2007,1,1
S,TO,2016,12,12
N,RS,2015,2,6
N,GO,2014,1,1
N,,2017,11,7234
S,PI,2017,1,22
N,AC,2017,1,136
N,PA,2017,1,577
S,PA,2017,1,86
N,GO,2015,10,2
N,PR,2009,11,2
N,PR,2010,7,2
N,PA,2019,11,445
N,PB,1990,6,2
S,AC,2016,1,1
N,PB,2017,2,263
N,PI,2017,2,128
S,GO,2017,2,83
N,SP,2019,3,5102
N,PR,2013,5,4
N,PR,2008,11,3
N,RS,2014,2,5
N,,2017,3,3242
N,DF,2014,2,1
N,PI,2016,2,2
N,AP,2017,3,29
N,SP,1979,6,1
N,BA,2011,10,1
N,AC,2016,1,5
N,RO,2011,9,5
N,SC,2016,3,3
N,RO,1998,12,1
S,PI,2017,4,31
N,PI,2017,4,94
N,GO,1997,2,1
N,PB,2011,4,4
S,PA,2017,4,67
N,PR,2018,9,998
S,TO,2017,4,2
N,,2010,11,13
N,PB,2015,4,2
N,SE,2018,10,143
N,SC,2017,5,251
N,MA,1996,2,1
S,BA,2017,5,57
N,,1997,4,5
S,PI,2017,5,20
S,MT,2017,5,38
N,PB,2006,12,2
N,PR,1981,9,1
N,PR,1989,3,1
S,SP,2017,6,60
N,AL,2017,6,55
S,PR,2017,6,44
S,PE,2017,6,15
N,AP,2017,6,14
N,CE,2014,5,5
N,BA,2012,2,1
N,,1985,5,3
N,SP,2012,5,3
N,DF,2014,3,1
S,PR,2017,7,47
N,GO,2017,7,453
S,PA,2017,7,72
N,AL,2017,7,31
N,,2007,6,7
N,,1983,9,2
N,RS,2017,8,136
S,,2017,8,125
S,PI,2017,8,37
N,PR,1961,7,1
S,CE,1998,1,1
N,CE,2000,8,1
N,SC,1987,1,1
S,PE,2017,8,5
N,CE,2010,8,1
N,AC,2015,6,1
N,,1978,12,3
N,SC,2017,9,182
N,PR,2012,4,3
N,,1994,12,4
N,RO,2017,9,156
N,PB,2008,10,1
N,RO,2015,11,2
N,,1995,10,3
N,RO,2006,1,1
N,CE,2006,12,1
S,AC,2017,10,11
S,PA,2017,10,45
N,AC,2014,9,1
N,MT,2014,5,1
N,,2012,9,15
N,,1999,10,3
N,MT,2015,6,1
N,,2006,7,4
N,PB,2008,1,1
S,RO,2017,10,4
N,PR,2006,9,3
N,SP,1989,10,2
N,SP,2014,10,5
N,PB,2017,11,257
N,DF,2017,11,307
N,PB,2000,11,1
N,RO,2017,11,175
S,MT,2017,11,8
S,PR,2017,11,48
N,SP,1990,2,2
S,RS,2017,11,15
N,,2013,11,22
S,PE,2017,11,6
N,RS,2018,8,131
N,RS,2019,5,1288
N,CE,2014,7,2
N,AC,1992,9,2
N,,2007,2,3
N,CE,2007,4,1
N,BA,2017,12,361
N,PB,2019,8,337
N,SP,1968,1,1
N,,2007,12,12
N,CE,2014,3,4
N,,1986,1,5
N,CE,2017,12,526
N,,1993,1,7
S,MA,2017,12,13
N,PR,2014,7,6
N,SP,1994,7,1
N,,1974,6,2
N,GO,2003,3,2
N,PR,1992,4,2
N,SP,2020,1,4486
S,AC,2017,12,5
N,,1989,3,1
N,SP,2018,1,6506
N,SP,1997,2,2
N,AC,2018,1,94
N,,1999,6,3
N,CE,2010,12,1
S,RS,2018,4,20
N,AL,2018,1,25
N,PB,1997,12,1
N,,1995,11,4
S,AC,2018,2,10
N,CE,2009,1,1
N,BA,2018,2,257
N,RO,1989,10,1
N,,1997,3,3
N,SP,1999,5,2
N,CE,2019,10,666
N,AL,2018,2,31
N,SP,2015,2,3
N,PI,1996,8,3
N,SP,2008,2,2
N,,2022,5,15340
N,PI,1983,6,1
N,MA,2018,3,111
N,BA,2018,3,249
N,PE,2018,3,208
N,SE,1990,9,1
S,RS,2018,3,4
N,PA,1987,7,1
N,,1986,2,3
N,PB,2009,10,2
N,GO,2015,2,1
N,,1993,3,2
N,PR,1992,7,1
N,SP,1970,1,1
S,,1996,4,1
N,AL,2018,4,33
N,MT,2015,8,1
S,PR,2018,4,23
N,SP,1984,11,2
N,SP,2002,10,2
S,CE,2018,4,32
S,MT,2018,4,7
S,RO,2018,4,4
N,MA,2018,6,197
N,PR,1980,1,1
N,,1977,11,1
N,SP,1997,9,2
N,PI,2018,5,131
N,AC,2018,5,69
S,SE,2018,5,4
N,RO,1998,11,1
N,PR,2007,1,4
S,PI,2018,5,8
N,SP,1993,8,1
N,GO,1984,10,1
S,PI,2018,6,8
N,AP,2018,6,74
N,GO,2018,6,538
N,CE,2018,6,557
N,PR,2010,3,2
N,MA,1979,1,1
N,RS,2001,6,1
N,AP,1971,10,1
N,SP,2008,8,1
N,MA,1984,1,1
N,,2011,7,11
N,SP,2023,3,1929
N,AP,1985,10,1
S,TO,2018,6,1
N,GO,2015,8,1
N,SP,1983,1,1
N,CE,2011,11,1
N,GO,2018,7,427
N,DF,2018,7,9
N,AL,2018,7,27
S,RO,2018,7,2
N,PB,2007,11,1
N,,1974,10,2
N,SP,1974,1,1
N,PA,2018,8,699
N,MG,2018,8,265
N,AC,2018,8,65
S,BA,2018,8,55
S,PR,2018,8,36
S,SE,2018,8,1
S,BA,2018,9,53
N,PA,2018,9,648
N,RO,2018,9,143
N,CE,2015,9,1
S,PR,2018,9,33
N,SP,1996,11,5
N,RO,2005,1,3
S,SC,2018,9,7
S,RO,2018,9,3
S,AP,2018,9,2
N,RS,2019,1,942
N,CE,2012,3,1
N,CE,2004,10,1
N,AP,2018,10,106
N,RO,1997,4,1
N,MT,2016,4,1
N,BA,2018,11,301
S,PA,2018,11,65
S,,2018,11,126
N,,1997,11,3
N,SP,1987,12,1
N,,1978,8,1
N,,2008,11,6
N,PA,2008,11,1
N,MT,2013,6,2
S,AC,2018,11,13
N,,1974,1,1
N,PA,2018,12,520
N,SP,1985,2,2
S,PE,2018,12,5
S,RS,2018,12,65
N,RS,2009,4,3
N,SC,2014,11,1
N,,1961,7,1
S,MT,2018,12,13
N,RS,2011,2,3
N,BA,2010,10,1
S,SE,2018,12,3
N,MT,2019,1,494
N,AL,2019,1,121
N,DF,2019,1,30
N,GO,2019,1,606
N,RS,2012,7,7
S,AP,2019,1,6
S,SE,2019,1,2
S,CE,2019,1,66
N,SP,1993,6,1
N,PB,2002,12,3
S,TO,2019,1,2
N,,2020,3,9156
N,RS,2013,8,3
N,GO,2008,10,1
N,,2000,11,4
N,PE,2019,2,170
N,MG,2019,2,299
N,GO,2019,2,623
S,RS,2019,2,76
S,PR,2019,2,44
N,RS,2015,11,5
N,SP,1990,12,1
S,RO,2019,2,3
N,RS,2011,5,2
N,,2003,7,4
N,MT,1979,5,1
N,SE,2019,3,113
N,,1990,9,3
N,SC,2019,3,515
N,RS,1972,9,1
N,RS,1998,4,1
N,RS,2010,8,3
N,CE,1996,9,2
N,CE,1988,11,2
N,GO,2019,4,571
S,BA,2019,4,43
N,CE,1993,10,1
S,PI,2019,4,12
N,SP,1929,12,1
N,PI,2012,5,1
N,CE,1991,4,2
N,PI,2019,6,353
N,CE,1996,4,1
N,PB,2007,2,2
N,DF,2019,5,14
N,PE,2019,6,90
N,SP,1981,9,1
N,PI,2013,5,1
S,PB,2016,2,1
N,CE,1992,12,1
N,MA,1995,3,1
N,MA,1999,1,1
N,SC,2019,7,326
S,,2019,7,266
N,RS,2005,12,1
N,,2001,1,2
N,RO,2019,7,161
N,BA,2019,7,266
S,SC,2019,7,20
S,PB,2019,7,3
N,,2001,7,7
N,RS,2001,7,2
N,SP,1994,10,1
N,CE,2013,8,1
N,MG,2019,10,964
N,RO,2019,8,176
N,RS,2011,12,2
N,RS,2007,8,1
N,CE,2019,8,788
S,PA,2019,8,51
S,RR,2019,8,1
N,,2004,4,3
S,MT,2019,8,19
N,SP,1968,10,1
N,CE,1989,7,1
N,MG,1980,5,2
N,AM,2019,7,22
N,MG,1984,3,1
N,SC,1967,9,1
N,PI,2019,9,328
N,AL,1019,8,1
N,CE,2003,6,1
S,MA,2019,9,15
N,CE,1992,1,2
N,PI,1995,11,1
I,SP,2019,9,178
I,PI,2019,9,17
I,RS,2019,8,1
I,PE,,,6
I,PA,,,1
S,CE,2019,12,103
I,,2019,8,3
S,RO,2019,9,2
S,,2020,2,869
N,PR,1983,7,1
N,AP,2019,10,98
N,GO,2013,1,1
N,CE,1995,7,1
S,BA,2019,10,60
S,MA,2019,10,19
S,AM,2019,10,87
N,MA,2019,11,246
N,BA,2019,11,221
N,AC,2019,11,39
N,MS,2019,11,113
N,CE,2007,12,1
N,MS,2019,12,113
S,AM,2019,12,82
N,SC,2020,1,351
S,AP,2019,12,11
S,MS,2020,1,14
S,RJ,1985,2,1
N,AM,2020,1,297
S,MS,2019,12,18
S,PI,2020,1,13
N,PI,2010,11,1
N,SP,1988,12,2
S,CE,1988,10,1
N,GO,2010,10,1
N,MA,2020,1,169
N,MT,2001,12,1
N,PB,2003,1,1
N,ES,2019,12,1
N,MT,2010,1,2
N,PA,2011,11,1
S,AP,2020,1,10
N,RJ,2012,12,1
S,CE,2020,1,104
N,CE,1999,4,1
N,RJ,2019,9,3
N,CE,2020,2,238
N,ES,2020,2,12
S,CE,2020,2,55
N,PE,2020,2,50
N,CE,2014,6,1
S,AL,2020,2,6
N,MG,1996,4,1
N,MA,2011,4,1
N,RS,2009,5,1
N,,1982,8,3
S,,2020,7,42
N,,2020,8,723
N,,2020,5,503
,,2020,10,1
N,,2021,8,5970
S,,2014,10,3
N,,2021,9,6825
N,,2001,12,6
N,CE,2021,2,1
N,SP,2021,9,10
S,,2010,10,1
S,,1991,7,1
N,,2022,7,14321
N,SP,2021,11,10
N,,2002,9,3
S,,2012,12,1
S,,2022,5,1429
S,,2022,7,1442
N,RS,2022,7,47
S,,2015,1,1
S,,1986,4,1
N,,2003,12,3
N,MG,2022,7,75
N,,1982,7,2
N,,2022,10,3415
N,MT,2022,6,20
N,SE,2022,10,116
N,MG,2022,10,1196
N,RR,2022,10,137
N,PR,2022,8,68
N,PR,2022,9,393
S,PE,2022,10,41
N,MS,2022,8,80
N,AL,2022,9,117
N,MS,2021,1,2
N,PA,2022,9,387
S,SP,2022,9,183
S,MT,2022,9,6
S,MA,2022,9,68
N,MS,2022,6,25
N,MS,2020,12,1
N,GO,2022,8,48
N,MS,2021,11,8
S,PE,2022,6,4
S,AL,2022,9,14
N,GO,2021,10,2
N,SC,2022,3,22
N,MT,2021,5,1
S,MT,2022,7,9
N,RN,2011,9,2
N,SC,2013,11,1
S,CE,2022,10,70
N,CE,2022,5,8
S,MS,2022,8,6
N,RS,2021,3,7
N,AC,2022,2,6
N,MS,2022,1,8
N,AL,2021,8,1
S,,2002,10,1
N,SE,2013,6,1
N,BA,2022,5,5
S,MS,2022,3,2
S,PI,2022,2,1
N,AL,2022,8,9
S,MT,2022,10,4
S,GO,2022,6,1
N,MG,1978,8,1
N,MS,1987,1,1
N,MG,2013,5,1
N,PR,1997,12,1
N,MS,2020,10,5
S,SC,2022,8,3
N,PR,2021,10,2
N,TO,2022,8,8
N,SE,2021,8,2
N,PA,2004,1,1
N,,1968,9,1
N,SC,2021,7,12
N,AM,2021,9,1
N,SP,2021,10,36
N,SE,2021,1,5
N,MT,2015,11,2
S,MG,2022,2,3
N,CE,2010,2,1
N,PI,2022,2,5
N,PA,2022,2,7
N,SP,2020,12,11
N,CE,1972,10,1
S,MG,2022,6,9
S,AM,2022,5,1
N,RS,2021,9,3
N,MG,1997,2,1
N,PA,2005,9,1
N,RS,2022,4,12
N,SE,2021,11,2
N,RS,2021,11,6
N,GO,2009,2,1
N,MG,2014,12,2
S,MG,2022,1,5
N,SP,2002,9,3
S,PE,2021,3,1
N,PA,2007,12,1
S,SP,2021,9,1
N,DF,2022,8,5
N,PE,2022,5,65
N,RR,2022,11,22
N,PA,1982,3,1
N,MT,2022,11,62
N,TO,2022,12,94
N,AL,2022,12,134
N,PI,2021,12,5
S,CE,2022,11,65
S,AC,2022,11,6
S,AM,2022,11,43
N,SP,2006,9,1
S,MT,2022,11,10
S,PB,2022,12,15
S,AC,2022,12,3
N,SP,2005,12,1
N,MA,2020,5,1
N,,1968,6,1
N,CE,2001,7,1
N,PA,1998,3,1
N,SC,2015,11,1
S,PB,2022,11,10
N,CE,1975,3,1
N,SP,1967,7,1
N,MG,2021,5,5
,PA,2022,12,1
N,SE,2012,8,1
N,PA,2022,3,3
N,GO,2020,5,1
N,SE,2004,3,1
N,SE,2015,10,2
N,PI,2020,11,2
N,MG,2012,4,2
N,CE,2023,2,608
N,RS,2023,2,1165
N,PI,2023,2,313
N,MS,2023,2,355
S,GO,2023,2,48
N,PR,2023,2,379
N,AP,2023,1,34
N,PE,2023,1,328
N,MA,2023,1,309
N,PB,2023,2,183
N,BA,2023,1,244
N,RO,2020,5,1
N,CE,1981,9,1
S,TO,2023,2,16
N,AP,2023,2,40
S,ES,2023,1,5
N,AC,2023,2,82
N,PA,2011,2,2
N,AL,2022,3,1
N,MG,1998,7,1
N,BA,2012,5,1
N,CE,1970,2,1
S,AM,2022,1,1
N,SC,2013,2,1
N,SE,2021,10,3
S,SE,2021,8,1
N,SP,2013,10,1
N,SC,2010,12,1
N,SE,2008,5,1
S,AP,2023,2,2
N,PB,2022,3,1
N,PA,2023,3,170
N,MA,2023,3,155
S,SP,2023,3,104
S,BA,2023,3,20
S,MG,2003,3,1
N,TO,2023,3,25
N,AP,2023,3,9
N,PR,2021,7,2
N,MS,1954,11,1
N,RS,2021,2,1
S,RO,2023,3,2
N,AL,2021,4,1
N,PI,1976,8,1
S,SP,2004,3,1
N,SP,2015,10,3
N,GO,2016,11,551
N,RO,2016,4,308
N,PE,2016,4,24
N,PR,1997,9,3
S,RO,2016,4,21
S,PR,2016,1,18
N,PR,2012,12,4
N,SE,2016,6,172
N,PR,1995,5,2
N,MA,1992,3,1
S,RJ,2019,10,31
N,PR,1980,11,1
S,RO,2016,3,17
N,MA,1989,5,1
N,PR,2016,6,1362
S,,2015,10,4
N,PR,2003,5,3
N,PI,2016,3,16
N,RO,2014,6,6
N,MA,2012,2,1
N,MA,2019,10,274
N,PR,2013,10,9
N,RS,2016,5,182
S,SC,2016,5,45
S,,2016,5,28
N,PR,2009,9,3
S,AC,2016,5,13
N,MA,2016,5,109
N,,1989,4,3
N,PE,2016,5,10
N,PR,2015,5,13
N,DF,1980,5,1
N,MA,2014,12,3
N,BA,2012,12,2
N,DF,1978,5,1
N,PB,2015,10,6
N,MA,2014,1,2
S,PR,2016,6,41
S,SC,2016,6,29
S,BA,2016,6,38
S,PA,2016,7,119
N,BA,2006,9,1
S,PR,1980,10,1
N,SP,1987,4,1
N,DF,2016,7,363
N,PR,2008,12,1
N,DF,1988,6,1
N,RO,2014,3,10
S,AP,2016,7,5
N,RO,2009,6,2
N,MG,2016,7,8
N,RS,2014,12,10
N,,2016,8,1568
S,SE,2016,8,4
N,PB,2016,8,171
N,PR,1998,6,2
N,RO,2010,7,1
S,PI,2016,8,12
S,TO,2016,8,3
S,BA,2016,8,22
N,GO,2016,2,6
S,DF,2016,8,12
N,,1997,8,5
N,PB,2013,10,1
N,PA,2014,8,2
N,SC,2001,8,1
N,PR,2016,9,1351
N,AL,2016,9,48
N,AL,2016,8,9
S,PI,2016,9,22
N,PB,2015,11,6
N,,1996,5,5
N,RO,2019,12,253
N,RO,2015,5,4
N,PB,2018,5,260
N,PA,2012,11,2
N,SP,2017,4,1888
N,,1990,4,3
S,PB,2016,9,8
N,MT,2016,9,13
N,RO,2010,9,2
N,,2011,10,20
N,RO,2008,11,3
N,,2003,9,1
N,SC,2016,10,294
N,RO,2016,10,303
S,SP,2016,10,41
N,MA,2016,10,127
N,PR,2005,6,2
N,,2006,8,6
N,MT,2019,6,345
N,GO,1998,3,2
N,PE,2016,2,1
N,BA,2015,10,2
N,PR,2008,2,1
N,RO,2009,10,2
N,SE,2016,11,99
N,PB,2016,11,192
S,PR,2016,11,37
N,SP,2019,4,5080
N,RO,2006,8,1
N,,2012,1,18
N,RO,2008,4,2
N,SP,2015,12,8
N,RO,2011,6,1
N,GO,2018,4,695
N,PR,1995,11,1
N,BA,2007,6,1
S,TO,2016,11,2
N,PA,2015,10,3
S,PB,2016,11,11
N,BA,1993,4,1
N,DF,2016,12,403
N,,2011,11,26
N,AC,2016,12,152
S,BA,2016,12,51
N,SP,2017,3,2567
N,MT,2016,12,26
N,,2010,5,11
N,,1995,7,5
N,PB,2019,5,257
N,PA,2019,5,711
N,RO,2007,7,2
N,SC,2017,1,244
S,MG,2016,12,14
S,SP,2017,1,71
N,MG,2016,1,3
N,PR,1997,11,1
N,AL,2017,1,29
S,DF,2017,1,1
S,MG,2016,1,1
S,AL,2017,1,2
N,,1991,11,3
N,,2009,7,13
N,BA,2013,12,1
S,PR,2017,2,30
S,PI,2017,2,30
N,PR,1994,5,1
N,AP,2017,2,63
N,,1987,12,6
N,GO,1994,8,1
N,GO,2016,4,11
S,AP,2017,1,1
N,SP,2014,2,5
N,,1998,10,8
N,MT,2017,2,28
N,PB,2013,11,8
S,PE,2017,2,5
N,,2014,3,25
N,BA,2011,11,2
N,PR,2009,7,2
N,,1990,5,4
S,AC,2017,3,14
N,RS,2017,3,223
S,SP,2017,3,103
N,PR,1980,10,1
S,RO,2017,3,20
N,,2017,10,4339
N,,2019,12,4462
N,MT,2017,3,28
S,MA,2017,3,2
N,PR,1992,8,2
N,SP,2014,3,4
N,,2001,3,7
N,RO,2005,8,1
N,PR,2011,8,2
N,,2005,10,6
N,AP,2017,4,38
S,SP,2018,11,188
N,,1997,1,5
S,SE,2017,4,2
N,AP,2017,5,31
S,AP,2017,4,1
N,,2007,3,6
N,PA,2017,5,569
S,RO,2017,5,16
N,PE,2017,9,127
N,RO,1998,4,3
N,,2019,2,3833
N,RO,2003,2,1
N,MG,2017,6,20
N,SP,1936,6,1
N,PR,1989,4,1
S,PI,2017,6,17
N,,1990,10,4
N,,1998,4,6
N,PI,2017,7,142
N,,1999,2,4
N,PA,2014,6,1
N,,1980,5,4
N,SC,2017,7,220
S,PE,2017,7,7
N,RO,2017,7,217
N,PE,2017,7,157
N,PA,2014,9,3
N,SP,2015,7,4
N,MG,2016,6,2
N,PR,2012,9,3
S,MG,2017,7,2
N,,1972,4,1
N,,1977,7,1
N,SE,2018,11,224
S,SC,2017,7,6
N,,2003,11,9
N,PB,2005,5,1
S,PR,2017,8,32
N,PI,2017,8,111
N,,1981,3,3
N,SC,2017,8,242
S,PA,2017,8,63
N,SP,1991,4,3
N,PB,2010,10,1
N,,1999,7,4
N,AC,2012,4,1
N,RS,2014,9,6
S,AP,2017,8,2
N,GO,1976,4,1
N,PR,2010,1,2
N,SP,2012,11,4
N,PB,2017,9,230
S,GO,2017,9,69
N,AL,2017,9,18
N,MT,2010,9,1
N,MA,1997,2,1
N,BA,2019,12,252
N,SE,2017,10,221
N,AC,2017,11,125
N,PB,2017,10,296
N,CE,2008,3,2
N,,1997,2,7
N,AL,2017,10,30
N,SP,1996,3,3
N,,1982,9,3
N,SC,2013,8,1
N,PR,1977,12,2
S,PA,2017,11,68
N,PR,1998,4,1
S,GO,2017,11,72
S,PI,2017,11,16
N,PR,2018,1,1449
S,MA,2018,2,22
S,SP,2018,8,144
N,,2017,12,7708
N,PE,1984,4,1
N,,1996,2,4
N,,1998,11,6
N,SP,2017,12,6803
N,PA,2017,12,494
N,PI,2017,12,147
S,PR,2017,12,28
N,,1965,12,1
N,AC,2014,5,2
N,SP,1974,6,2
N,SP,1991,1,4
N,CE,2018,12,418
N,AL,2017,12,43
S,SE,2017,12,4
N,PR,2005,2,1
N,,1995,4,6
N,PE,2018,1,189
N,MT,2018,1,202
S,AC,2018,1,8
N,,1993,5,5
N,CE,2018,1,635
N,GO,2018,2,714
S,PA,2018,2,61
N,SP,1989,5,2
S,GO,2018,2,67
S,SP,2018,2,156
N,MG,2018,2,263
N,PR,1989,6,1
S,PI,2018,2,17
N,PB,1998,4,1
S,AP,2018,2,2
N,MT,2019,5,240
N,SP,2001,2,2
N,,1980,10,1
S,SP,2018,3,170
S,,2018,3,164
N,PI,2018,3,162
S,TO,2018,1,2
N,,1997,10,7
N,CE,2016,7,4
N,SP,1998,2,1
N,PR,1999,1,1
S,SC,2018,3,8
N,SP,2001,3,2
S,MA,2018,4,15
N,MA,1993,4,1
N,RO,2007,8,1
S,MG,2018,4,8
N,SP,1999,4,1
S,AC,2018,4,20
N,SP,1991,3,2
N,,2000,3,13
N,SP,2015,5,6
N,SP,1992,12,1
S,BA,2018,5,54
N,MT,2018,5,207
N,DF,2018,5,8
N,AL,2019,12,50
S,RS,2018,5,13
N,RS,2015,5,8
N,SP,2018,6,4690
N,SP,1990,7,2
N,,2018,7,3483
N,GO,2018,8,504
N,SP,1999,1,1
N,SP,1995,4,1
N,PR,1987,5,1
N,MA,1998,5,1
N,SC,2018,6,203
S,AP,2018,6,5
S,MA,2018,6,14
N,AC,2018,6,81
N,SP,2010,5,5
N,MT,1996,4,1
N,SP,2000,3,1
N,SP,2001,6,2
N,CE,2015,1,2
N,PR,2007,9,1
N,MG,2018,7,262
S,CE,2018,7,62
S,,2018,7,136
N,SP,1955,11,1
S,PE,2018,7,22
S,SC,2018,7,6
S,SE,2018,7,1
N,SP,1971,4,2
S,PR,2001,3,1
S,AC,2018,8,10
N,DF,2018,8,99
N,,2010,6,9
N,PE,1980,10,1
N,SP,1985,9,1
N,,2008,9,6
S,PE,2018,8,2
N,CE,2018,11,468
N,PI,2018,9,232
N,AL,2018,9,87
N,GO,2018,9,554
N,RS,2018,9,143
N,RS,2018,11,187
S,CE,2018,9,38
N,,1984,6,3
N,,1990,1,3
N,MA,1999,10,1
S,AC,2018,7,1
S,SP,2015,9,1
S,,1996,12,1
N,SE,2012,9,1
N,SC,2019,1,568
N,DF,1979,8,1
N,,1993,4,1
N,RO,2018,10,146
N,PB,2018,10,309
N,RS,2018,10,179
N,RS,2013,12,8
S,PB,2018,10,7
S,PI,2018,10,5
N,,1992,6,4
N,RS,2012,9,1
S,AC,2018,10,7
N,PA,2009,7,4
S,CE,2018,11,39
N,DF,2011,11,1
N,MA,2011,11,1
N,SP,2001,11,1
N,,2000,7,4
N,AC,2018,12,111
N,AP,2018,12,94
N,RS,2008,11,5
N,RS,2010,10,2
N,PR,1994,12,1
N,RS,2013,9,2
S,PI,2018,12,16
N,PR,2007,11,1
N,RS,2013,7,5
N,RS,2015,3,3
S,PB,2018,12,4
N,BA,2019,1,363
S,,2019,1,144
N,SP,1962,8,1
S,PR,2019,1,37
S,AL,2019,1,11
N,MG,1978,2,1
N,PB,2019,2,227
N,CE,2019,6,792
N,RS,2010,12,3
N,PE,1984,9,1
N,CE,2003,7,1
N,SP,1996,9,1
N,MG,1978,12,1
N,RO,2019,3,160
N,PI,2019,3,247
N,MT,2019,3,405
N,SP,1995,11,1
N,RS,1988,3,1
S,RS,2019,3,66
S,MT,2019,3,25
N,SP,1989,1,1
S,CE,2019,3,64
N,MT,2009,5,1
S,SP,1996,3,1
N,AL,1990,9,1
N,MG,1982,4,1
S,SP,2019,4,138
N,MA,2019,4,156
N,MG,2019,4,333
N,SC,2019,4,382
N,AL,1999,9,1
N,DF,2019,4,5
N,CE,1987,9,1
N,AC,1990,11,1
N,PI,2013,10,1
N,CE,2001,3,3
N,PB,2013,4,2
N,SP,1990,6,1
N,SP,1993,11,1
N,MT,2013,3,1
N,RS,2008,4,1
S,SP,2019,5,137
N,PE,2019,5,150
N,TO,2019,4,33
S,SC,2019,5,22
S,PI,2019,5,20
S,RS,2019,5,57
N,MT,2014,3,2
N,MG,1994,8,1
N,RS,2010,4,2
N,MG,1997,3,1
N,CE,2015,6,1
N,MA,1964,10,1
N,CE,1997,10,2
N,CE,1992,6,1
N,GO,2012,12,2
S,GO,2019,6,25
N,SP,2006,7,2
N,RS,2013,3,4
S,AC,2019,6,1
S,BA,2019,6,27
N,AL,1995,11,1
N,SP,1992,11,1
N,AL,2016,6,1
N,RS,1984,5,1
N,SP,1981,11,1
N,MG,1974,4,1
S,GO,2019,7,22
S,PI,2019,7,20
N,SP,2010,7,2
N,SP,2000,6,1
N,MG,1979,9,1
S,PE,2019,7,4
N,RS,2012,1,3
N,,1980,6,2
N,RO,2009,4,1
N,PI,2019,8,421
S,CE,2019,8,81
N,BA,2019,8,239
N,SP,2012,8,3
N,,2007,9,10
N,CE,1987,7,1
N,SC,1978,7,1
N,CE,1982,6,1
N,PR,1978,6,1
N,SP,1980,11,1
N,PR,1992,10,1
N,,2006,11,3
N,MG,1972,10,1
N,PA,2019,9,551
S,PA,2019,9,73
N,AC,2019,9,91
N,DF,2011,5,1
N,AP,2019,9,124
S,AM,2019,9,78
S,PR,2019,9,37
S,,2021,12,836
N,PE,1994,5,1
N,RS,2003,10,1
I,RS,2014,9,1
I,GO,,,1
I,RS,2010,6,1
I,CE,2019,9,2
I,GO,2017,9,1
I,SP,1989,10,1
I,PI,,,1
I,MA,2019,9,2
N,CE,2013,6,3
S,PI,2019,10,14
S,SC,2019,10,42
S,MG,2019,10,155
N,GO,2015,9,1
S,TO,2019,9,2
N,SC,1986,6,1
N,SP,1991,6,2
S,SP,1966,5,1
S,AM,2018,10,1
N,PR,2019,11,729
N,CE,2015,3,1
N,,1967,1,2
N,GO,2019,11,367
N,RS,2019,11,909
S,SP,2019,11,235
N,CE,2005,11,1
S,PA,2019,12,100
S,RS,2019,12,100
N,SE,2020,1,73
N,PI,2020,1,257
N,PI,2019,12,274
N,SE,2019,12,79
S,PR,2019,12,48
N,CE,2020,1,601
N,PE,1970,12,1
S,SE,2019,11,4
N,TO,2019,11,6
N,MG,1997,4,1
S,PA,2020,1,71
S,MS,,,38
N,RN,2019,1,2
N,RN,2019,11,1
N,,1979,11,1
N,SP,2000,1,1
N,MG,1998,3,1
N,MG,1980,12,1
N,RJ,2000,9,1
N,CE,1996,2,1
N,,1956,6,1
N,SP,2020,2,2749
S,RS,2020,2,51
N,RS,2020,2,389
N,PA,2020,2,318
S,PA,2020,2,59
N,RN,2020,2,118
N,AC,2020,2,13
N,,1988,10,2
N,SP,2000,2,3
S,,1979,2,1
N,MG,1992,3,1
N,,1974,12,2
N,,2021,5,4378
N,,2020,11,1285
S,,2021,5,668
S,,2020,12,283
S,,2020,11,179
S,,2020,8,130
N,,2020,4,1060
S,,2020,4,29
S,,2020,5,30
N,,2009,10,5
N,,2002,2,20
N,,2002,10,5
N,,2000,8,4
S,,2011,1,1
N,MG,2021,12,9
N,,2002,12,5
N,,1996,8,2
S,,2008,5,1
N,,2000,4,2
N,,1957,4,1
N,PR,2022,4,16
S,,2022,8,1626
N,RS,2022,8,81
S,,1991,5,1
N,SP,2022,9,3518
S,,2002,7,1
N,MA,2022,8,93
N,GO,2022,9,470
N,RS,2022,10,1085
N,PE,2022,10,439
N,CE,2022,8,140
N,SP,2022,10,3966
N,SC,2022,11,591
N,SE,2022,8,20
N,RS,2022,9,903
N,SC,2022,8,102
N,MA,2022,9,326
N,BA,2022,8,43
N,AL,2022,10,123
N,CE,2022,10,746
N,PE,2022,9,396
S,BA,2022,9,88
N,SE,2022,9,82
S,SP,2022,7,9
N,AC,2022,8,9
N,RJ,2022,10,51
N,BA,2022,9,184
N,ES,2022,9,54
N,SP,2022,2,57
N,SP,2021,8,13
N,CE,2022,3,6
S,PI,2022,10,35
N,RS,2022,3,10
N,RS,2022,1,30
N,MG,2016,3,3
N,SP,1986,9,1
N,CE,2022,6,17
N,PR,2022,3,13
N,MS,2020,3,4
N,PR,2021,5,2
N,SC,2022,5,28
N,MG,2022,2,31
S,SC,2021,12,1
S,AP,2022,10,11
N,SE,2007,6,1
N,MA,2020,9,2
S,RR,2022,9,8
N,MG,1992,1,1
S,SC,2022,7,3
N,RS,2021,12,5
N,RJ,2022,1,1
N,SC,2011,4,1
N,RS,2021,1,3
N,MS,2022,3,9
N,MA,2021,7,3
N,MG,2021,3,3
N,SP,2022,1,37
N,MA,2022,6,3
N,MG,2021,11,11
N,MG,2021,8,14
N,MG,2010,4,1
N,SC,2021,2,4
S,TO,2022,10,16
N,SE,2015,7,7
N,SC,2020,4,6
S,AM,2022,8,1
S,PA,2022,8,2
N,PE,2003,12,1
N,PB,2022,5,1
S,MS,2022,6,2
S,PR,2022,8,4
S,PI,2022,8,2
N,AP,2013,3,1
N,PR,2021,4,3
S,PR,2022,2,1
N,MG,2020,12,1
N,MS,1971,10,1
N,SC,2014,5,2
N,BA,2022,2,2
N,BA,2022,11,211
S,PA,2022,7,3
N,,1993,8,1
N,RS,2020,12,1
N,MG,2021,2,3
N,PR,2020,4,1
N,CE,2021,12,4
N,MS,2018,2,1
S,BA,2022,7,2
S,MS,2021,2,1
N,PA,2009,1,1
S,MS,2021,4,1
N,MG,2016,2,1
N,PE,2021,12,1
N,AP,2022,2,2
N,GO,2022,5,6
N,MS,2015,6,1
N,CE,2021,5,1
S,TO,2022,9,2
S,PB,2022,9,1
S,RS,2022,3,2
N,SC,2022,12,577
N,MS,2022,11,288
N,PI,2022,12,222
N,TO,2022,11,95
S,BA,2022,12,22
N,SE,2021,5,4
N,AM,2022,12,143
N,MG,1980,9,1
S,RN,2022,11,4
S,AP,2022,11,6
S,BA,2022,5,1
N,PA,2012,6,2
N,TO,2022,2,1
N,MG,2011,6,2
N,PA,2020,6,1
N,RO,2022,4,1
N,PR,2021,3,2
N,AC,2021,5,1
N,AM,2016,1,1
N,SP,2002,11,1
N,PE,2022,1,3
N,MG,2020,5,3
N,MA,2002,9,1
S,GO,2022,7,1
N,SP,2023,2,4762
N,,2023,1,3819
N,,2023,2,3279
N,DF,2002,12,14
N,ES,2023,2,66
N,RJ,2023,1,49
N,MG,2015,5,1
S,PA,2023,1,76
S,RS,2023,2,157
N,PA,2023,2,370
N,RN,2023,1,159
S,PA,2023,2,74
S,PB,2023,2,8
S,PE,2023,2,56
N,,1952,6,1
N,PB,2022,2,2
N,MG,2011,9,1
N,SP,2003,8,1
N,MG,2014,7,1
N,SP,2003,5,2
N,SE,2021,4,3
N,SC,2010,8,1
S,RJ,2022,12,1
S,SE,,,3
S,RS,2021,10,1
N,SE,2016,12,2
N,SC,2002,6,1
S,SC,2022,3,1
N,PR,2020,3,1
N,PE,2013,10,1
N,SC,2013,10,2
N,PB,2003,12,1
N,GO,1999,7,1
N,SC,2020,12,1
N,AL,1999,12,1
N,PB,2023,3,109
N,CE,1994,7,1
S,AM,2023,3,18
N,SP,1986,11,1
S,GO,2023,3,36
S,CE,2023,3,22
S,PB,2023,3,16
N,DF,1992,1,1
N,BA,2022,3,3
N,SE,2009,5,1
N,PR,1980,9,1
N,MG,2014,8,1
S,MG,2001,11,1
N,RO,2022,2,1
N,ES,2005,2,1
N,DF,2013,12,1
N,RS,1993,5,1
N,PR,2015,10,134
N,PR,2015,8,44
N,PR,,,12178
N,,2015,12,76
N,PR,2016,2,651
S,PR,2016,4,38
S,PR,,,524
N,PI,,,894
N,PR,2015,1,5
N,,2015,1,45
N,PR,2014,12,8
N,PR,2013,11,7
N,DF,2016,1,3
S,RO,,,105
N,AC,,,819
N,MA,2016,2,165
N,MA,2011,3,1
N,AC,2015,3,2
N,RO,2016,2,23
N,PR,1983,1,1
N,RR,,,6
N,DF,2016,3,1
N,RO,2015,3,16
N,PR,2019,2,1001
N,AL,,,549
N,,2015,9,47
N,MA,2015,2,42
N,PA,2015,7,3
N,SP,2017,9,3989
N,PA,2017,7,588
N,,2014,1,42
N,PR,1988,1,1
N,DF,2016,5,793
N,,2016,5,1035
S,SP,2016,5,21
N,PI,2016,5,77
S,SC,,,359
N,CE,,,4188
S,TO,2016,5,2
N,BA,,,843
S,TO,,,37
S,PB,2016,5,14
N,TO,,,258
N,PR,2014,6,6
N,PR,2017,3,1195
N,GO,,,9366
N,SP,2018,12,4681
N,PR,2018,6,1080
N,RS,2015,7,7
N,,2016,7,1318
N,,2012,10,11
N,PR,1984,9,1
N,SP,2016,8,1164
N,RO,2015,4,6
N,SE,2020,2,107
N,RS,2015,9,13
S,GO,2016,6,30
N,RO,2013,9,5
N,,2018,3,4296
N,PR,2011,12,3
N,RS,2016,7,128
S,SC,2016,7,26
N,RO,2014,10,12
N,AM,2016,7,20
N,PA,1988,10,1
N,PR,2001,8,1
N,PR,2001,11,2
N,,1989,5,4
N,RO,2016,8,305
N,PR,1988,7,1
N,SC,2016,8,272
N,PB,2016,2,10
N,GO,2016,1,3
N,BA,2016,8,173
N,,1991,5,3
N,PR,1982,6,3
N,,2012,8,20
N,GO,2016,9,501
N,AC,2016,9,117
N,PA,2016,9,608
N,,1991,6,1
S,RS,2016,9,7
S,TO,2016,9,4
N,SE,2017,5,149
N,PR,2009,4,3
S,SC,2016,9,26
N,,2013,1,36
N,,2006,4,3
N,RO,2014,4,4
N,PR,2005,5,1
S,SP,2016,9,13
N,SP,2019,2,4318
S,MG,2016,9,1
S,PE,,,812
N,PR,2004,11,1
N,GO,2018,5,654
N,PI,2016,10,109
S,PI,2016,10,27
N,PE,2016,10,170
N,AC,1985,5,1
N,TO,2016,10,2
S,,2014,12,1
N,RO,2010,3,1
S,SE,2016,10,6
N,,2008,2,9
N,BA,2016,11,240
N,SC,2016,11,286
N,RS,2010,6,3
N,AP,2016,11,72
N,PB,2010,12,1
S,BA,2011,11,1
N,RS,2003,11,1
S,PB,2016,10,4
N,BA,2014,11,2
N,RS,2011,7,1
S,AC,2016,11,7
N,RS,2008,10,3
N,,2012,7,12
N,SP,2017,1,1668
N,PI,2017,3,127
N,RO,2011,7,1
S,GO,2016,12,54
S,AC,2016,12,10
S,AP,2016,12,1
N,GO,1977,1,1
S,GO,2017,1,84
S,PR,2017,1,46
N,PE,2016,1,4
N,PR,2014,1,9
S,PR,2014,1,3
N,MA,2014,3,4
S,AC,2017,1,8
N,,2007,4,8
N,RO,2010,10,1
N,,2009,5,12
N,RO,2013,12,3
N,AC,2017,2,158
N,,1988,7,5
N,,1983,1,2
N,PB,2012,6,4
N,GO,2019,5,479
N,PR,2017,4,1130
N,PB,2017,4,209
N,DF,2017,3,330
S,PI,2017,3,35
S,AP,2017,3,3
N,PB,2012,8,2
N,,1992,8,4
N,PA,1992,3,1
N,SP,2013,3,1
S,SC,2017,4,22
N,SP,1967,11,1
N,,1998,8,8
S,SP,2017,4,42
N,,1974,3,2
S,PR,2017,4,49
S,PE,2017,4,3
N,RR,2017,4,3
S,MG,2017,4,11
N,PR,2011,1,3
N,SP,2014,4,8
N,PI,2015,4,1
N,PB,2017,5,277
N,RS,2016,2,7
N,PI,2017,5,165
N,PR,2017,6,1016
N,GO,2017,5,496
S,SP,2017,5,84
N,,2004,1,11
N,PB,2017,7,241
S,AL,2017,5,18
N,AL,2017,5,24
N,MA,2017,5,251
N,PA,2014,5,1
N,,2007,5,5
N,,2008,6,6
N,CE,2017,5,210
N,PR,2017,7,1020
N,PE,2017,6,171
N,RS,2017,6,150
N,BA,2017,6,234
S,AL,2017,6,1
N,,1999,12,3
S,SC,2017,6,20
N,CE,2016,5,7
N,SP,2011,10,3
S,AP,2017,6,2
N,CE,2016,2,1
N,RS,2007,1,2
N,MA,2017,7,198
N,AP,2017,7,20
S,RS,2017,7,4
N,BA,2017,8,229
S,RO,2017,7,11
S,CE,2017,7,34
S,AC,2017,7,12
N,PB,2012,11,3
N,RS,2012,2,4
N,PB,1995,6,1
S,PB,2017,7,3
N,PR,1998,1,1
N,BA,1992,7,1
N,,2010,4,11
N,SP,1987,7,1
N,PR,1989,2,1
N,PR,1999,3,2
N,PB,2017,8,264
N,PR,2005,1,1
N,PR,2007,12,3
S,MG,2017,8,10
S,PB,2017,8,6
N,CE,2005,7,1
S,RS,2017,8,4
N,CE,2016,11,2
N,,2011,12,15
S,RO,2017,9,7
S,BA,2017,9,77
N,SP,1995,10,2
N,MT,2015,10,2
N,CE,2006,8,2
N,PR,1973,11,1
N,CE,2017,2,10
N,SP,1964,10,1
N,,2004,6,7
N,SP,1988,1,1
N,SP,1995,7,2
N,PE,2017,10,198
S,AC,2017,9,4
N,TO,2017,10,20
N,,2019,8,5153
N,AC,2017,10,89
S,BA,2017,10,58
N,SP,1977,9,1
N,,1970,8,3
S,AP,2017,10,2
S,PB,2017,10,2
S,RS,2017,10,7
N,SP,1983,8,2
N,MT,1999,10,1
N,,1992,12,3
S,SP,2017,11,310
N,,2002,4,8
N,PR,1992,2,1
N,CE,2017,11,642
N,MA,2017,11,158
N,SP,2011,11,7
S,RO,2017,11,5
S,TO,2017,11,2
N,,1982,4,4
N,,1984,3,5
N,SP,2010,6,2
N,PA,2014,11,2
N,CE,2010,11,2
S,SP,2017,12,270
S,PA,2017,12,57
N,DF,2017,12,180
S,BA,2017,12,35
N,RS,2017,12,238
N,PB,2017,12,245
S,CE,2017,12,45
S,GO,2017,12,57
N,SP,2019,12,4998
S,PI,2017,12,28
N,,1996,9,1
N,SP,1996,7,4
N,,1981,1,1
S,MG,2017,12,8
N,BA,1982,3,1
N,,1985,6,3
N,,1979,4,1
N,CE,2015,12,2
N,,1979,6,1
N,,1985,8,2
N,BA,2018,1,265
S,RO,2018,1,11
N,,1994,8,4
N,PR,2010,2,2
N,AP,2018,1,59
S,MT,2018,1,19
N,PE,2014,1,2
N,PR,1992,12,1
S,SC,2018,1,8
S,AL,2018,1,2
N,,1991,8,2
S,AP,2018,1,3
N,SC,2019,5,441
N,BA,1942,2,1
N,DF,2014,8,3
N,PA,2018,2,514
N,RO,2018,2,135
N,SC,2018,2,160
N,PI,2018,2,126
N,DF,2018,2,23
N,MT,2016,1,1
S,CE,2018,2,36
S,MG,2018,2,7
N,CE,2006,2,1
N,GO,2002,1,1
S,MT,2018,2,9
N,CE,2018,3,546
S,MT,2018,3,20
N,PB,2018,3,322
S,PA,1989,1,1
N,PR,2008,7,1
N,PA,1969,1,1
N,PB,1998,11,1
N,SP,1999,8,1
N,,1984,12,2
N,,2018,8,4142
N,CE,1998,3,1
N,PR,1987,10,2
S,,2018,4,143
S,PE,2018,4,11
N,AC,2018,4,123
N,MT,2018,4,196
N,RO,2010,2,1
N,,1977,3,2
N,PR,1998,10,1
N,CE,2006,11,2
N,PB,2007,7,1
N,TO,2018,4,41
N,GO,2000,1,1
N,RS,1994,2,1
S,RO,2018,5,5
N,AL,2018,5,28
S,CE,2018,5,35
N,AL,1997,5,1
S,SC,2018,5,7
S,PB,2018,5,3
N,,1976,3,3
N,MA,1984,6,1
S,PA,2018,6,70
N,MG,2018,6,293
N,BA,2018,6,241
N,PI,2018,6,179
S,RS,2018,6,12
N,RS,2010,7,1
N,MT,2018,6,176
N,DF,2018,6,10
S,CE,2018,6,49
N,PR,2006,1,1
N,SP,1989,2,2
S,SP,1985,6,1
N,GO,1994,12,1
N,SP,1988,4,1
N,GO,2012,2,2
N,MA,2018,7,194
N,PB,2000,8,1
N,AP,1993,10,1
S,AL,2018,7,7
S,SP,2023,1,247
N,,1990,6,4
N,MA,2018,8,227
S,,2018,8,172
N,TO,2018,8,57
S,PI,2018,8,6
N,SP,1986,10,2
N,PI,2012,12,1
N,PR,2010,9,2
N,MT,1997,1,1
N,SP,1988,9,2
N,PR,2018,11,1126
N,,2018,11,3393
N,BA,2018,9,291
S,,2018,9,140
N,MA,2018,9,260
S,MA,2018,9,6
N,AC,2018,9,56
N,,1979,9,2
N,CE,2010,9,1
N,SC,2015,9,1
N,MA,1988,4,1
N,GO,2000,9,1
N,MA,1986,8,2
S,MT,2018,10,15
S,MG,2018,10,23
N,GO,1994,10,1
S,AL,2018,10,3
N,SP,2012,10,3
S,PI,1989,7,1
N,MG,2010,10,1
S,AP,2018,10,5
N,AC,2018,11,113
N,MG,2018,11,454
S,SC,2018,11,26
S,MG,2018,11,24
S,RS,2018,11,3
N,MT,2005,1,1
N,,2010,7,8
N,PE,2018,12,152
N,DF,2018,12,31
S,PA,2018,12,30
N,AC,1998,12,1
N,SP,1981,5,2
N,RS,2011,1,1
N,RS,2015,4,2
N,SP,2008,9,1
N,RO,2004,9,1
N,MA,2019,1,230
N,GO,1985,2,1
N,TO,2019,1,14
N,PE,2019,1,157
N,MT,1992,3,1
N,GO,2003,7,1
N,GO,1997,1,1
N,PA,2019,2,632
S,GO,2019,2,31
N,PI,2019,2,251
N,AP,2019,2,93
N,RS,2001,5,3
S,MT,2015,12,1
S,AL,2019,2,16
N,,2022,6,14562
N,RS,2019,7,1142
N,CE,1989,10,2
S,MT,2017,3,1
N,,2000,12,7
N,CE,2019,3,811
N,MA,2019,3,241
S,,2008,6,1
S,PB,2019,3,2
N,SP,2022,7,159
N,AL,2019,4,118
N,PA,2019,4,636
S,GO,2019,4,35
N,SP,1982,2,1
S,RS,2019,4,65
S,SC,2019,4,36
S,MA,2019,4,11
S,MT,2019,4,9
N,SP,1987,5,1
S,DF,2019,3,1
N,GO,2011,8,1
N,PI,2014,2,1
N,GO,2012,4,1
N,RS,1999,7,1
N,MA,1995,6,1
N,GO,2009,9,1
N,CE,2019,5,961
N,MG,2019,5,535
N,PA,2011,4,1
N,MG,1994,10,1
N,SP,1976,12,1
S,PI,2013,10,1
N,,1979,7,3
N,AL,2019,6,87
S,MT,2019,6,14
N,SP,1997,11,1
N,RS,1992,6,1
N,MA,2019,7,211
N,PI,2019,7,362
N,CE,2019,7,742
N,AP,1965,9,1
N,PE,2019,7,78
N,MG,1971,9,1
N,DF,2019,7,9
N,CE,2012,9,1
N,SC,2019,10,347
N,SP,2009,7,2
N,,1990,12,2
N,MG,1964,9,1
N,PR,2006,7,1
N,PA,1988,7,1
S,SP,2019,8,144
N,PA,2019,8,618
N,SC,2019,8,347
S,SC,2019,8,22
S,PI,2019,8,18
S,BA,2019,8,48
N,CE,1980,8,1
N,SP,2001,5,2
N,MG,2001,6,1
N,PB,2019,9,229
S,MT,2019,9,27
N,RO,2019,9,157
S,PB,2019,9,9
S,GO,2019,9,22
N,PE,1995,8,1
N,,1968,3,1
N,CE,1983,8,1
I,AL,2019,9,1
N,MA,2010,11,1
I,PA,2018,8,1
N,PI,2019,10,377
N,PB,2019,10,214
N,RS,1984,10,1
N,PI,2010,10,1
S,SE,2019,10,2
S,RS,2001,9,1
N,,1977,5,2
N,PI,2013,7,1
N,CE,2000,6,2
N,CE,2002,6,1
S,PA,2019,11,98
S,SC,2019,11,57
S,RJ,2019,11,64
S,PI,2019,11,22
S,MT,2019,11,22
S,PB,2019,11,9
N,PB,2012,10,1
N,CE,1992,8,1
N,RS,2019,12,821
N,MG,2019,12,900
S,AL,2019,12,26
N,PB,2020,1,165
N,CE,1994,1,1
N,AC,2019,12,22
N,RN,2020,1,84
N,RN,,,236
N,MG,1996,6,1
N,CE,1976,6,1
N,RJ,2020,1,78
S,PB,2019,12,12
S,PE,2020,1,4
S,RS,2022,11,133
N,SP,1999,7,1
N,TO,1975,1,1
S,AM,2019,1,1
S,BA,2020,1,37
N,MS,2016,12,1
S,CE,2005,1,1
N,TO,2020,1,6
S,RJ,2020,1,36
N,GO,1997,7,1
N,SP,2010,1,2
N,GO,2020,2,197
N,RO,2020,2,207
S,PR,2020,2,37
N,MT,2020,2,119
S,AP,2020,2,2
S,SP,2020,2,95
N,AL,2020,2,36
S,SC,2020,2,15
S,RO,2020,2,20
N,PI,2012,4,1
N,MA,2013,8,1
S,CE,1995,5,1
N,MG,2014,5,2
N,PR,1971,6,1
N,SP,1991,12,1
N,PE,2002,1,1
N,,1973,4,1
N,MG,2002,2,1
N,PI,2015,5,1
S,,2021,3,501
S,,2021,2,471
S,,2013,12,1
N,,1962,1,2
N,RS,2021,4,6
S,,1995,3,1
N,,2021,10,9037
S,,1987,1,1
S,,1977,11,1
S,,1999,7,1
N,,1978,6,2
S,,2002,9,1
N,,1974,8,1
S,,2022,4,1270
S,,1986,6,1
S,,1991,6,1
N,SP,2022,4,51
S,RS,2022,6,6
N,,1960,5,1
S,,1991,1,1
S,,1990,3,1
S,,1992,8,1
N,MG,2013,8,1
S,,2012,8,1
N,PB,2022,9,209
S,BA,2022,8,7
N,MS,2022,9,252
S,RJ,2022,9,8
N,CE,2022,7,49
N,AC,2022,10,142
S,RS,2022,10,227
N,SC,2022,2,33
N,GO,2022,10,538
N,MT,2022,9,53
N,MS,2021,2,2
S,RS,2022,1,10
N,SC,2022,6,44
N,MS,2022,4,11
N,SP,2021,1,5
N,PA,2022,7,12
N,RJ,2022,9,53
N,MS,2020,11,2
S,MA,2022,7,5
S,PA,2022,9,42
S,RS,2022,8,11
S,AC,2022,10,12
N,MG,2022,3,19
S,RN,2022,10,4
S,PA,2021,12,1
N,SP,2011,12,1
N,SP,2020,3,11
N,PA,2022,4,11
S,RR,2022,10,6
N,SP,2020,9,10
S,GO,2021,4,1
N,PE,2022,3,17
N,RS,2021,10,13
N,SC,2022,4,23
N,BA,2002,8,1
N,MS,2020,7,1
N,MG,2016,4,4
N,MA,2022,3,8
N,CE,2021,11,1
N,GO,2020,6,1
N,MA,2021,5,2
N,AM,2022,1,2
N,PA,2011,12,2
N,MS,2011,1,1
N,SC,2021,1,1
S,RN,2022,9,3
S,MS,2022,4,2
N,MG,1997,12,1
N,SC,2020,11,3
S,BA,2022,1,1
N,TO,2022,5,5
N,SP,1980,1,1
N,AP,2022,5,2
N,SP,2007,5,1
S,AL,2022,8,1
N,MA,2021,8,2
N,PR,2004,12,1
N,MS,2015,12,1
N,MG,2022,1,28
N,MG,1997,11,1
N,PA,2014,4,1
N,MA,2022,1,4
N,PE,2022,4,7
S,ES,2022,9,2
S,SC,2020,6,1
N,SC,2020,6,2
S,SE,2022,9,1
N,RO,2022,8,4
N,PR,1982,10,1
N,AP,2022,8,5
N,PA,2020,9,1
N,PR,2020,5,2
N,SE,2021,9,4
N,GO,2022,6,7
N,PA,2022,12,430
N,,2022,11,2831
N,MA,2022,11,316
N,RS,2022,12,1047
S,SC,2022,11,43
N,PR,2022,12,379
N,PI,2022,11,343
N,RN,2022,11,51
S,,2022,11,180
S,BA,2022,11,59
N,SE,2022,12,261
N,MT,2022,12,53
N,PE,1975,11,1
S,RO,2022,12,24
N,MG,2021,6,8
N,PA,2021,11,2
N,TO,2021,12,1
N,AC,2021,8,1
N,PA,2021,1,2
N,SE,2008,1,2
S,SE,2022,12,3
N,,1981,9,2
N,MG,1995,9,1
N,RO,2021,2,1
N,PR,2021,1,3
N,SP,2012,9,2
S,SC,2021,8,1
S,PR,2022,7,1
N,CE,2021,4,1
N,MG,2012,8,1
N,PB,2023,1,276
N,SP,2013,11,2
N,SE,2014,4,1
N,RJ,2013,4,1
N,AL,2021,11,1
N,SP,2014,12,2
S,PI,2022,6,1
N,RS,2020,11,2
N,SC,2011,11,2
N,MG,2008,8,1
N,RO,2022,1,1
N,SC,2013,9,1
N,SE,2023,1,206
N,RO,2023,1,132
S,SP,2023,2,240
N,BA,2023,2,217
S,SC,2023,1,85
S,SP,2020,9,1
N,RJ,2023,2,46
S,TO,2023,1,11
S,PI,2023,1,27
N,DF,2022,6,4
S,PR,2023,2,35
S,RO,2023,1,12
S,SP,2004,11,1
S,DF,2022,12,4
N,PB,2022,1,2
N,PE,2022,2,2
N,DF,1987,2,1
N,SC,2014,1,1
S,PA,2020,10,1
S,PE,2022,5,2
N,MG,2003,10,1
N,MG,2013,6,1
N,AP,2022,1,1
S,PA,2022,1,3
N,CE,1971,8,1
N,DF,2022,5,2
S,AC,2023,2,4
N,SP,2003,3,1
N,SC,2007,8,1
N,SC,2012,1,1
N,AM,2023,3,63
S,,2023,3,100
N,BA,2023,3,146
N,AC,2023,3,29
N,DF,2023,3,10
N,SE,2013,2,1
N,AM,2022,3,1
N,SE,2014,11,1
N,MS,2019,6,1
N,SE,2012,12,1
N,RS,1997,2,1
N,SP,2002,1,1
N,MT,2023,3,15
N,PE,1990,4,1
N,SP,2005,2,1
N,GO,2021,9,1
N,PR,2015,7,22
N,RO,,,2049
N,MS,,,570
S,,2016,1,7
N,PR,1997,10,3
N,,2016,2,157
N,,2013,4,17
N,,2017,4,2539
N,PR,1996,9,3
S,PR,2016,3,20
N,MA,2015,8,157
N,MS,2016,3,4
N,PR,2014,10,9
N,PR,1976,7,1
S,PA,2016,3,13
N,PR,1976,8,2
S,,2015,4,1
N,,2015,6,29
N,PR,1977,4,1
N,MA,2015,3,61
N,SP,,,24468
N,PR,2012,7,2
N,AC,2016,5,215
N,GO,1988,12,1
N,RS,2016,4,11
N,SP,2018,3,4238
N,SC,2016,4,13
N,,2007,1,5
N,SC,,,7050
N,PR,2013,4,5
N,RS,2016,1,16
S,DF,,,56
S,RO,2019,11,33
N,PA,2011,5,2
N,MG,,,14000
N,,2013,3,25
S,MG,,,994
N,RO,2018,8,161
N,SE,2016,5,123
N,,2010,3,13
N,BA,2015,4,1
N,PB,2014,9,9
S,PB,2016,4,1
N,,2017,9,3878
N,SP,2016,6,384
N,PB,2011,3,4
N,RO,2009,7,1
S,PA,2013,5,1
N,RO,2012,8,2
N,RO,2015,9,9
N,RS,2013,4,3
N,DF,1991,5,1
N,TO,2016,6,42
N,RO,2015,10,8
N,,2000,5,9
N,AP,2016,2,2
N,,1989,8,4
N,,2010,12,15
N,,1985,2,3
N,MA,1989,7,1
N,PB,2008,9,2
N,GO,2013,6,1
S,SE,2016,7,5
N,PE,2016,7,28
S,BA,,,173
N,AP,2016,7,49
N,SC,1998,1,1
S,RS,2016,7,7
N,AM,2016,6,14
N,,1982,6,4
N,,1999,1,18
N,DF,1982,10,1
S,AC,2016,7,16
S,MA,2016,7,1
N,RO,2014,11,5
N,,1987,10,3
N,AC,2015,9,4
S,SP,1997,2,1
N,,1997,12,5
N,AL,2016,5,1
N,RS,2007,11,3
N,SP,1993,3,2
S,AC,2016,8,14
N,SP,1998,5,4
N,RO,2010,6,1
N,PB,2015,9,6
N,PI,2016,9,122
N,AP,2016,9,41
N,RS,2016,9,120
N,PB,2004,11,1
N,,2014,9,26
S,RO,2016,9,12
S,BA,2015,5,1
N,PA,2019,12,396
N,PB,2015,3,4
N,RS,2019,2,1023
N,,1972,6,4
N,,1975,9,1
N,PB,2011,12,1
S,MA,2016,9,1
N,PA,2014,7,1
N,AP,2016,10,57
N,GO,2016,10,537
N,SP,2016,10,1060
N,AL,2016,10,52
N,PA,2017,6,573
N,,1978,2,2
N,RO,2011,10,3
N,PR,1996,6,1
N,PB,2014,4,5
S,PA,2016,11,88
N,,2005,9,5
N,SP,2017,10,5062
N,RS,2015,12,5
N,PR,1989,8,1
N,,1965,10,1
S,RO,2016,11,22
N,RO,2010,1,4
S,PE,2016,11,3
N,AP,2016,12,39
N,BA,2016,12,152
N,PB,1987,8,1
N,MA,2016,12,148
N,RO,2014,8,8
N,,2012,11,21
N,GO,1993,9,1
S,,2018,6,133
N,,2018,6,3628
N,SP,2018,10,4605
N,PR,2009,1,3
N,RO,2012,6,1
N,AC,1989,4,1
N,PB,2013,3,1
N,GO,2017,1,436
N,DF,2017,1,477
N,BA,2017,1,192
S,BA,2017,1,61
N,,1996,6,2
S,RO,2017,1,13
S,RS,2017,1,18
N,PR,2017,9,1086
N,MA,2017,9,195
N,PE,2017,2,125
N,DF,2017,2,288
N,RO,2017,2,324
N,,1985,1,5
S,AL,2017,2,7
N,GO,1998,8,1
N,PB,2006,3,1
S,RO,2017,2,12
N,CE,2017,7,525
N,GO,2017,9,580
N,SP,1991,11,2
N,AC,2017,3,152
S,,2017,3,175
N,PE,2017,3,106
N,RO,2012,9,3
S,RS,2017,3,10
N,RO,2008,1,1
N,,2001,8,3
N,PB,2007,10,2
N,PR,1991,1,1
N,SC,2017,4,250
N,,1980,3,1
N,BA,2017,4,246
N,MT,2017,4,312
N,AC,2017,4,149
S,MT,2017,4,29
N,,1986,3,3
N,PR,2017,5,990
N,,2011,6,9
S,AL,,,63
N,RS,2017,5,147
N,BA,2017,5,236
S,,2017,5,106
S,PA,2017,5,63
S,SC,2017,5,24
S,PB,2017,5,7
N,MT,2017,7,291
N,PR,2014,9,6
N,,2003,10,3
N,,1994,11,5
N,,2011,2,10
N,RO,2017,6,184
S,PA,2017,6,81
N,PI,2017,6,138
N,MA,2017,6,160
N,MT,2017,6,257
N,DF,2017,6,40
N,CE,2016,8,8
N,SP,1987,8,1
N,,1994,7,7
N,CE,2017,4,8
S,MA,2017,6,2
S,SP,2014,6,1
N,SP,2009,8,2
S,,2017,7,109
S,GO,2017,7,92
N,PR,2013,12,6
N,PB,2012,5,2
N,PB,2010,11,1
N,MG,2017,7,49
S,SE,2017,7,1
N,PR,2014,8,2
N,CE,2008,5,2
N,RO,2017,8,209
N,PR,1994,7,1
S,AL,2017,8,5
N,AP,2017,9,96
S,AC,2017,8,7
N,SC,1992,11,1
N,SC,2016,2,2
N,MT,2017,9,214
N,SP,2014,8,6
S,CE,2017,9,38
S,MG,2017,9,7
N,MT,2006,8,1
N,PB,2011,11,1
S,PB,2017,9,4
N,CE,2017,10,510
N,,1992,2,6
N,SE,2018,2,159
S,SP,1989,3,1
N,,2005,5,5
N,PR,1986,10,1
S,GO,2017,10,74
N,MT,2017,10,206
N,MA,2017,10,167
N,PB,2014,8,4
N,PR,1983,11,1
N,,1996,1,8
S,AL,2017,10,7
S,MT,2017,10,29
N,,1971,8,2
N,,1988,1,3
N,RS,2017,11,222
N,SP,1994,6,1
N,GO,2017,11,739
N,PR,2001,6,1
N,SP,1989,8,1
N,SP,2004,5,1
S,PB,2017,11,8
S,CE,2017,11,31
N,MT,2014,10,1
N,DF,2014,7,1
N,SP,1974,2,1
N,SE,2015,11,1
N,,2018,10,3644
N,,1970,11,1
N,SP,2014,11,5
N,SE,2017,12,330
N,GO,2017,12,408
S,RS,2017,12,18
N,,1975,4,1
N,SE,2014,12,2
N,PA,2011,9,1
N,,1996,10,6
N,CE,2012,11,1
N,RS,2019,3,1238
N,,2019,7,4376
N,,1986,7,2
N,TO,2018,1,24
S,SP,2018,1,248
N,RS,2018,1,199
S,,2018,1,305
N,CE,1996,3,2
S,MG,2018,1,16
N,RO,2008,3,1
N,,1982,5,3
N,GO,1977,10,1
S,PB,2018,1,8
N,,1972,10,1
N,SP,1983,11,1
N,SP,2014,1,3
N,,1985,7,4
N,,2013,5,16
N,PR,1970,4,3
S,,2018,2,151
N,,1983,2,1
S,RO,2018,2,6
N,MT,2016,5,1
N,,1995,1,4
N,GO,1984,6,1
N,,1992,11,2
N,,1976,12,2
S,PE,2018,2,3
N,PR,2019,5,826
N,GO,2014,2,3
S,SC,2018,2,6
S,PB,2018,2,1
N,CE,2008,7,1
N,SE,2018,3,119
S,PA,2018,3,65
N,SC,2018,3,144
S,GO,2018,3,64
N,TO,2018,3,69
N,,1992,10,6
S,PE,2018,3,8
N,SP,1995,12,1
N,RO,2012,7,2
N,,1995,9,4
N,BA,1986,3,1
S,AL,2018,2,1
S,SP,2018,4,151
S,PA,2018,4,58
N,PI,2018,4,111
N,,1993,2,1
N,RS,2003,3,1
S,SC,2018,4,3
N,MT,2012,1,1
N,CE,2006,9,1
N,MT,2015,1,1
N,MT,2005,9,1
N,PA,1983,2,1
N,,1977,10,2
S,SP,2018,5,141
N,CE,2018,5,559
N,PR,2009,12,1
N,PB,2012,9,2
N,PR,1996,12,3
N,RO,2004,11,1
N,PE,2018,6,292
S,BA,2018,6,39
N,RO,2018,6,108
N,SP,2015,6,5
S,RO,2018,6,7
S,MT,2018,6,10
N,TO,2018,6,45
N,PA,2010,6,1
N,PB,2002,1,1
N,SP,2021,3,11
N,AP,1975,5,1
N,PB,2006,7,1
N,CE,1996,6,2
S,SE,2018,6,1
N,TO,2008,12,1
S,GO,2018,7,37
S,MA,2015,9,1
S,PA,2018,7,73
S,PI,2018,7,9
N,RJ,,,11643
N,PR,1985,6,1
N,BA,2000,1,1
N,,1993,7,3
N,PE,1997,9,1
N,GO,2014,10,2
N,SP,1996,10,2
N,BA,2018,8,317
S,PA,2018,8,90
N,PE,2018,8,235
S,RO,2018,8,11
S,SC,2018,8,7
N,,1982,1,1
N,RO,1993,2,2
S,CE,2014,3,1
N,SP,2010,8,5
N,CE,2009,2,1
N,PR,1977,6,1
N,SC,2018,11,486
N,MT,2018,9,270
N,RS,2018,12,884
N,PR,2018,10,918
N,SP,1999,10,1
S,MT,2018,9,16
N,,1974,4,2
S,PB,2018,9,3
N,GO,2002,10,1
N,CE,2018,10,549
N,MG,2018,10,399
N,MA,2018,10,236
S,PA,2018,10,59
N,,1943,11,1
S,BA,2018,10,56
N,BA,2015,1,1
S,PA,2015,10,1
N,MA,2011,12,1
N,CE,2012,12,3
N,PA,2018,11,541
N,MT,2018,11,361
S,BA,2018,11,44
N,DF,2018,11,38
N,PR,1981,6,1
S,MA,2018,11,14
S,RO,2018,11,9
S,MT,2018,11,18
N,SP,1986,8,2
N,GO,2013,12,1
N,PB,1996,11,1
N,,1971,11,2
N,,1983,11,2
N,MG,2018,12,245
N,PR,2018,12,863
N,SC,2018,12,389
N,MA,2018,12,215
N,RS,2007,12,3
S,GO,2018,12,27
N,SP,1978,11,2
S,CE,2018,12,31
N,RO,1994,9,1
S,RO,2019,1,4
N,CE,2019,1,477
S,PB,2019,1,2
S,SC,2019,1,34
N,SP,1965,10,1
N,PI,2012,9,1
N,RS,2011,8,3
N,DF,2008,1,1
N,SC,2019,2,429
N,AL,2019,2,151
S,,2019,2,163
S,BA,2019,2,45
N,RS,2005,1,2
N,MT,1994,2,1
N,PB,2013,6,4
N,RS,2008,7,1
N,PA,2019,3,660
N,AL,2019,3,119
N,BA,2019,3,556
N,GO,2019,3,639
N,PR,2019,3,980
N,PA,2019,6,577
S,PR,1998,4,1
S,AL,2019,3,22
S,SC,2019,3,27
S,RO,2019,3,7
S,PE,2019,3,3
S,MA,2019,3,22
N,MG,1985,10,1
N,SC,1997,3,1
N,CE,1976,5,1
S,RO,2019,4,7
S,TO,2019,3,4
N,,2004,5,3
N,BA,1989,9,1
N,GO,2012,3,1
N,PA,1996,12,1
N,AC,2013,5,1
N,GO,2019,8,441
N,AP,2019,5,109
S,GO,2019,5,29
N,TO,2019,5,30
N,SP,1989,7,1
N,MT,2014,7,2
N,RJ,2019,5,1
N,SP,1988,7,1
N,MG,1989,11,2
N,CE,1988,5,1
N,GO,2008,7,1
N,SP,1980,12,1
N,MG,2019,7,1245
N,GO,1996,2,1
N,PR,1994,9,1
S,SP,2019,6,117
S,AL,2019,6,8
N,AC,2019,6,46
S,PE,2019,6,3
S,CE,2019,6,83
N,MG,2015,9,2
N,MG,1963,11,1
N,DF,2019,6,6
N,CE,2007,10,1
N,,1993,10,4
N,PI,2008,10,2
N,CE,2005,6,1
N,SP,1985,6,1
N,BA,2006,12,1
S,SP,2019,7,111
S,CE,2019,7,95
N,RS,2009,9,2
S,MA,2019,7,23
S,RO,2019,7,7
N,RS,2005,11,2
N,CE,1997,7,2
N,GO,2015,12,1
N,MA,2019,9,214
S,PR,2019,8,38
N,CE,1997,6,1
N,AM,2019,8,178
N,PB,1989,9,1
N,TO,2010,5,1
N,MT,2001,2,1
N,GO,2011,1,1
N,SP,2011,8,2
S,SC,2019,9,18
N,TO,2019,9,18
N,,2021,12,8201
N,,1986,10,1
S,BA,2019,9,49
N,BA,1992,1,1
I,SC,2019,6,6
I,RS,,,24
I,GO,2019,9,13
I,AM,2019,9,3
I,GO,2019,1,1
I,AL,2019,8,2
I,CE,,,2
I,AC,2019,9,1
N,SP,1997,5,1
I,BA,2019,9,5
S,AM,2019,7,8
S,SP,2019,10,277
S,PA,2019,10,100
N,SE,2019,10,75
S,RO,2019,10,14
N,RJ,2019,10,93
,GO,,,1
S,PB,2019,10,8
N,MG,2011,10,1
N,TO,2019,10,11
S,CE,2017,3,1
N,MG,2019,11,935
S,CE,2019,11,105
S,,2019,11,335
S,PE,2019,11,16
N,AP,2019,11,51
N,RJ,2019,11,193
N,,1971,10,1
N,PB,2019,12,182
N,MA,2019,12,230
N,AM,2019,12,201
N,MG,2020,1,992
S,RO,2019,12,21
N,AM,2018,11,1
N,GO,1982,7,1
N,TO,2019,12,5
S,,1992,4,1
N,PE,2020,1,133
N,MT,2020,1,184
N,PI,2012,7,1
N,GO,2003,2,1
N,AM,2019,1,3
N,RR,2019,12,1
N,CE,1999,11,1
S,MA,2020,1,15
S,MA,2003,9,1
,MG,2020,1,1
N,GO,1997,12,1
N,PB,2020,2,96
S,BA,2020,2,17
N,SP,1979,10,2
N,MG,1986,8,1
S,RN,2020,1,4
N,CE,2007,11,1
N,MG,2004,1,1
N,PR,1995,12,1
N,MG,2001,3,1
I,BA,2019,7,1
S,DF,2020,1,1
S,RN,,,13
N,SP,1985,4,1
N,CE,1997,8,1
S,SC,2012,1,1
N,,1988,5,2
N,,1986,11,1
S,,2001,10,2
N,MG,1985,3,1
S,,2021,4,573
S,,2020,9,127
N,SE,2021,3,1
S,,1984,7,1
N,,1994,10,3
,,,,3
S,,2021,11,1063
S,PA,2021,10,1
N,,1973,12,1
S,,2000,4,1
S,,2002,8,1
S,AC,2022,9,17
N,PI,2022,9,195
N,PI,2022,10,259
S,PA,2022,10,62
S,PE,2022,9,49
S,BA,2022,10,92
N,AM,2022,9,145
S,RO,2022,10,15
N,SP,2020,6,9
N,MG,2022,4,34
N,MS,2022,7,46
N,PB,2022,10,160
N,PE,2022,6,67
N,TO,2022,3,3
N,RS,2020,9,1
N,MS,2014,2,1
N,MT,2022,8,33
N,RS,2020,10,5
N,BA,2022,6,8
N,MA,2022,7,52
S,RJ,2022,8,10
N,PR,2022,1,10
N,SE,2022,7,16
N,RO,2022,6,4
N,RS,2003,1,1
N,TO,2022,10,86
N,MS,2021,8,11
N,SP,2010,12,2
N,PE,2022,7,37
N,MS,2021,9,11
S,RO,2022,9,9
S,ES,2022,10,3
N,SC,2021,12,7
S,PA,2022,5,4
N,AC,2022,5,6
N,PB,2022,8,4
N,MS,2018,8,1
N,PE,2021,6,1
S,AC,2020,10,1
N,GO,2022,2,7
N,RN,2022,2,1
N,SP,2020,7,12
N,PB,2021,2,1
N,SP,2001,10,1
N,MS,2021,4,5
N,MG,2013,12,1
N,PA,2021,7,3
S,MS,2020,5,1
N,MG,2014,2,1
N,TO,2022,4,1
N,MS,2020,9,1
N,MS,2020,8,1
N,AM,2022,7,1
N,PE,1994,8,1
S,MG,2021,7,1
N,CE,2021,8,3
N,SP,2002,12,1
N,PA,2022,11,419
N,PE,2022,11,294
S,MS,2022,11,30
N,PE,2022,12,304
S,PI,2022,11,38
S,GO,2022,11,89
N,PB,2022,12,180
N,SE,2001,1,1
N,PB,2022,11,163
S,CE,2022,4,1
S,AL,2022,11,15
N,SP,2013,8,2
N,SC,2007,9,1
N,PI,2005,2,1
S,MS,2022,12,17
N,RJ,2021,9,1
N,MG,2021,4,6
N,PI,2022,3,4
N,MG,2009,11,1
N,ES,1990,11,1
S,SP,2021,11,1
N,SE,2021,12,4
N,MT,2022,5,6
N,DF,2022,12,310
N,GO,2023,1,578
S,CE,2021,10,1
N,DF,2022,4,1
N,MG,2020,10,3
N,MS,2016,1,1
N,RS,2021,5,1
N,PI,2020,6,1
N,SP,2023,1,4816
S,MA,2023,2,53
S,RJ,2023,1,18
N,TO,2023,1,68
N,SC,2023,1,834
N,RO,2023,2,106
N,MS,2023,1,352
N,GO,2023,2,616
N,AL,2023,2,174
N,SE,1984,1,1
S,MA,2021,1,1
N,DF,2023,1,177
S,AL,2023,2,38
S,SE,2023,2,4
S,AL,2023,1,26
S,DF,2023,1,2
N,SC,2013,5,1
S,RN,2023,1,7
N,AL,2008,10,1
S,MT,2023,2,3
S,SP,2021,4,1
S,PR,2022,1,2
N,DF,1980,11,1
N,SP,1981,8,1
S,SP,1993,1,1
N,SE,2007,11,1
N,SP,1972,4,1
N,BA,2005,7,1
S,AM,2021,12,1
N,SC,2009,5,1
N,SE,2007,2,1
N,SC,2008,9,1
N,ES,2023,3,17
N,AL,2023,3,78
N,RN,2023,3,61
S,PR,2023,3,8
N,AC,2021,1,1
N,GO,2008,5,1
S,RN,2021,12,1
N,SP,2005,6,5
N,SE,2013,1,1
N,PA,2021,2,1
N,BA,2010,9,1
N,GO,1989,1,1
